CREATE DATABASE  IF NOT EXISTS `academia2023` /*!40100 DEFAULT CHARACTER SET utf8mb4 COLLATE utf8mb4_0900_ai_ci */ /*!80016 DEFAULT ENCRYPTION='N' */;
USE `academia2023`;
-- MySQL dump 10.13  Distrib 8.0.31, for Win64 (x86_64)
--
-- Host: 127.0.0.1    Database: academia2023
-- ------------------------------------------------------
-- Server version	8.0.31

/*!40101 SET @OLD_CHARACTER_SET_CLIENT=@@CHARACTER_SET_CLIENT */;
/*!40101 SET @OLD_CHARACTER_SET_RESULTS=@@CHARACTER_SET_RESULTS */;
/*!40101 SET @OLD_COLLATION_CONNECTION=@@COLLATION_CONNECTION */;
/*!50503 SET NAMES utf8 */;
/*!40103 SET @OLD_TIME_ZONE=@@TIME_ZONE */;
/*!40103 SET TIME_ZONE='+00:00' */;
/*!40014 SET @OLD_UNIQUE_CHECKS=@@UNIQUE_CHECKS, UNIQUE_CHECKS=0 */;
/*!40014 SET @OLD_FOREIGN_KEY_CHECKS=@@FOREIGN_KEY_CHECKS, FOREIGN_KEY_CHECKS=0 */;
/*!40101 SET @OLD_SQL_MODE=@@SQL_MODE, SQL_MODE='NO_AUTO_VALUE_ON_ZERO' */;
/*!40111 SET @OLD_SQL_NOTES=@@SQL_NOTES, SQL_NOTES=0 */;
--
-- Table structure for table `ciudades`
--

DROP TABLE IF EXISTS `ciudades`;
/*!40101 SET @saved_cs_client     = @@character_set_client */;
/*!50503 SET character_set_client = utf8mb4 */;
CREATE TABLE `ciudades` (
  `cod_ciu` int NOT NULL,
  `nombre_ciu` text,
  `cod_pai` int DEFAULT NULL,
  PRIMARY KEY (`cod_ciu`)
) ENGINE=InnoDB DEFAULT CHARSET=utf8mb4 COLLATE=utf8mb4_0900_ai_ci;
/*!40101 SET character_set_client = @saved_cs_client */;

--
-- Dumping data for table `ciudades`
--

LOCK TABLES `ciudades` WRITE;
/*!40000 ALTER TABLE `ciudades` DISABLE KEYS */;
INSERT INTO `ciudades` VALUES (1,'Ciudad 1',1),(2,'Ciudad 2',1),(3,'Ciudad 3',1),(4,'Ciudad 4',1),(5,'Ciudad 5',1),(6,'Ciudad 6',1),(7,'Ciudad 7',1);
/*!40000 ALTER TABLE `ciudades` ENABLE KEYS */;
UNLOCK TABLES;

--
-- Table structure for table `genero`
--

DROP TABLE IF EXISTS `genero`;
/*!40101 SET @saved_cs_client     = @@character_set_client */;
/*!50503 SET character_set_client = utf8mb4 */;
CREATE TABLE `genero` (
  `cod_gen` int NOT NULL,
  `nombre_gen` text,
  PRIMARY KEY (`cod_gen`)
) ENGINE=InnoDB DEFAULT CHARSET=utf8mb4 COLLATE=utf8mb4_0900_ai_ci;
/*!40101 SET character_set_client = @saved_cs_client */;

--
-- Dumping data for table `genero`
--

LOCK TABLES `genero` WRITE;
/*!40000 ALTER TABLE `genero` DISABLE KEYS */;
INSERT INTO `genero` VALUES (1,'Femenino'),(2,'Masculino');
/*!40000 ALTER TABLE `genero` ENABLE KEYS */;
UNLOCK TABLES;

--
-- Temporary view structure for view `lista_alumnos`
--

DROP TABLE IF EXISTS `lista_alumnos`;
/*!50001 DROP VIEW IF EXISTS `lista_alumnos`*/;
SET @saved_cs_client     = @@character_set_client;
/*!50503 SET character_set_client = utf8mb4 */;
/*!50001 CREATE VIEW `lista_alumnos` AS SELECT 
 1 AS `Nombre_Estudiante`,
 1 AS `cod_genero`,
 1 AS `cod_ciudad`*/;
SET character_set_client = @saved_cs_client;

--
-- Temporary view structure for view `listado_materias`
--

DROP TABLE IF EXISTS `listado_materias`;
/*!50001 DROP VIEW IF EXISTS `listado_materias`*/;
SET @saved_cs_client     = @@character_set_client;
/*!50503 SET character_set_client = utf8mb4 */;
/*!50001 CREATE VIEW `listado_materias` AS SELECT 
 1 AS `Descripcion`,
 1 AS `cod_mat`*/;
SET character_set_client = @saved_cs_client;

--
-- Table structure for table `materias`
--

DROP TABLE IF EXISTS `materias`;
/*!40101 SET @saved_cs_client     = @@character_set_client */;
/*!50503 SET character_set_client = utf8mb4 */;
CREATE TABLE `materias` (
  `cod_mat` int NOT NULL,
  `Descripcion` text,
  PRIMARY KEY (`cod_mat`)
) ENGINE=InnoDB DEFAULT CHARSET=utf8mb4 COLLATE=utf8mb4_0900_ai_ci;
/*!40101 SET character_set_client = @saved_cs_client */;

--
-- Dumping data for table `materias`
--

LOCK TABLES `materias` WRITE;
/*!40000 ALTER TABLE `materias` DISABLE KEYS */;
INSERT INTO `materias` VALUES (1,'Materia 1'),(2,'Materia 2'),(3,'Materia 3'),(4,'Materia 4'),(5,'Materia 5'),(6,'Materia 6'),(7,'Materia 7'),(8,'Materia 8');
/*!40000 ALTER TABLE `materias` ENABLE KEYS */;
UNLOCK TABLES;

--
-- Table structure for table `notas`
--

DROP TABLE IF EXISTS `notas`;
/*!40101 SET @saved_cs_client     = @@character_set_client */;
/*!50503 SET character_set_client = utf8mb4 */;
CREATE TABLE `notas` (
  `cod_est` int DEFAULT NULL,
  `cod_mat` int DEFAULT NULL,
  `Nota1` text,
  `Estado_ingreso` int DEFAULT NULL
) ENGINE=InnoDB DEFAULT CHARSET=utf8mb4 COLLATE=utf8mb4_0900_ai_ci;
/*!40101 SET character_set_client = @saved_cs_client */;

--
-- Dumping data for table `notas`
--

LOCK TABLES `notas` WRITE;
/*!40000 ALTER TABLE `notas` DISABLE KEYS */;
INSERT INTO `notas` VALUES (196,7,' 3,0 ',1),(238,4,' 3,0 ',2),(746,4,' 4,0 ',3),(491,3,' 5,0 ',4),(161,4,' 3,0 ',5),(469,4,' 5,0 ',6),(945,1,' 3,0 ',7),(687,2,' 2,0 ',8),(416,7,' 1,0 ',9),(54,7,' 1,0 ',10),(337,7,' 3,0 ',11),(489,3,' 3,0 ',12),(831,1,' 3,0 ',13),(108,5,' 4,0 ',14),(939,4,' 1,0 ',15),(706,8,' 5,0 ',16),(717,3,' -   ',17),(889,4,' 3,0 ',18),(84,5,' 4,0 ',19),(586,7,' 2,0 ',20),(275,4,' 3,0 ',21),(806,8,' 2,0 ',22),(589,2,' 1,0 ',23),(865,7,' -   ',24),(161,7,' 1,0 ',25),(261,8,' 2,0 ',26),(499,3,' 3,0 ',27),(109,2,' 4,0 ',28),(751,2,' 2,0 ',29),(455,3,' 1,0 ',30),(662,4,' 2,0 ',31),(256,4,' -   ',32),(504,5,' -   ',33),(688,5,' 4,0 ',34),(388,6,' 5,0 ',35),(32,4,' 1,0 ',36),(615,3,' 1,0 ',37),(644,3,' 2,0 ',38),(64,7,' 4,0 ',39),(579,8,' 1,0 ',40),(129,7,' 1,0 ',41),(970,1,' -   ',42),(808,5,' 2,0 ',43),(251,8,' -   ',44),(703,3,' 1,0 ',45),(690,8,' 2,0 ',46),(9,3,' -   ',47),(910,3,' 4,0 ',48),(949,2,' 3,0 ',49),(168,6,' -   ',50),(906,2,' 5,0 ',51),(26,4,' 2,0 ',52),(9,8,' 4,0 ',53),(823,5,' -   ',54),(325,8,' 2,0 ',55),(221,3,' 2,0 ',56),(9,7,' 1,0 ',57),(688,8,' 3,0 ',58),(854,6,' 1,0 ',59),(475,5,' 4,0 ',60),(946,1,' 1,0 ',61),(253,2,' 3,0 ',62),(254,2,' -   ',63),(428,8,' 1,0 ',64),(191,5,' 4,0 ',65),(966,6,' 5,0 ',66),(240,7,' 5,0 ',67),(946,7,' 4,0 ',68),(167,4,' 1,0 ',69),(781,3,' 1,0 ',70),(606,8,' 5,0 ',71),(714,8,' 5,0 ',72),(1039,1,' 2,0 ',73),(859,2,' 2,0 ',74),(188,1,' 4,0 ',75),(247,4,' 2,0 ',76),(913,7,' 3,0 ',77),(342,1,' 3,0 ',78),(916,5,' 1,0 ',79),(704,7,' 5,0 ',80),(721,1,' 3,0 ',81),(902,4,' 4,0 ',82),(471,2,' 3,0 ',83),(825,7,' 2,0 ',84),(109,6,' -   ',85),(942,5,' 4,0 ',86),(867,3,' 4,0 ',87),(225,7,' 4,0 ',88),(123,3,' 5,0 ',89),(414,3,' 3,0 ',90),(155,5,' 2,0 ',91),(420,4,' 4,0 ',92),(269,6,' 3,0 ',93),(1034,4,' 4,0 ',94),(606,7,' 2,0 ',95),(816,2,' 2,0 ',96),(804,5,' 3,0 ',97),(801,7,' 1,0 ',98),(1037,3,' 3,0 ',99),(251,3,' -   ',100),(249,4,' 5,0 ',101),(416,4,' 2,0 ',102),(723,6,' 2,0 ',103),(626,8,' 4,0 ',104),(330,6,' 4,0 ',105),(937,8,' 2,0 ',106),(111,6,' -   ',107),(479,5,' 1,0 ',108),(534,5,' 5,0 ',109),(434,1,' 4,0 ',110),(941,3,' 5,0 ',111),(817,2,' 2,0 ',112),(26,7,' 2,0 ',113),(1,4,' -   ',114),(561,1,' -   ',115),(943,6,' 2,0 ',116),(775,3,' 3,0 ',117),(740,3,' 2,0 ',118),(418,4,' 5,0 ',119),(904,1,' 5,0 ',120),(967,7,' 4,0 ',121),(670,4,' 2,0 ',122),(885,1,' 3,0 ',123),(695,5,' 2,0 ',124),(798,7,' 3,0 ',125),(879,6,' 1,0 ',126),(412,5,' 5,0 ',127),(902,8,' -   ',128),(622,7,' -   ',129),(315,2,' -   ',130),(1000,7,' 1,0 ',131),(335,3,' 1,0 ',132),(354,8,' 2,0 ',133),(940,3,' 2,0 ',134),(269,1,' 2,0 ',135),(230,2,' -   ',136),(46,5,' 5,0 ',137),(578,3,' 5,0 ',138),(350,6,' 2,0 ',139),(129,8,' -   ',140),(502,2,' 5,0 ',141),(155,3,' 5,0 ',142),(699,7,' 5,0 ',143),(324,2,' 3,0 ',144),(89,1,' -   ',145),(633,6,' 1,0 ',146),(994,3,' -   ',147),(957,5,' 4,0 ',148),(84,1,' -   ',149),(265,7,' 5,0 ',150),(268,6,' 5,0 ',151),(815,6,' -   ',152),(619,2,' 3,0 ',153),(393,3,' 4,0 ',154),(363,8,' 4,0 ',155),(663,4,' 1,0 ',156),(389,2,' 1,0 ',157),(753,3,' 1,0 ',158),(408,7,' 4,0 ',159),(290,5,' 1,0 ',160),(676,8,' 4,0 ',161),(1036,1,' 5,0 ',162),(564,1,' 2,0 ',163),(971,1,' 1,0 ',164),(665,3,' 5,0 ',165),(807,5,' -   ',166),(527,4,' 4,0 ',167),(298,7,' -   ',168),(3,2,' 1,0 ',169),(260,8,' 4,0 ',170),(327,2,' 4,0 ',171),(186,8,' 1,0 ',172),(617,3,' 1,0 ',173),(379,1,' 2,0 ',174),(833,1,' 3,0 ',175),(141,8,' 1,0 ',176),(955,8,' 1,0 ',177),(426,3,' 5,0 ',178),(310,5,' 1,0 ',179),(424,8,' 5,0 ',180),(936,4,' 4,0 ',181),(178,2,' 1,0 ',182),(151,5,' -   ',183),(300,2,' 4,0 ',184),(983,6,' -   ',185),(119,3,' 2,0 ',186),(173,4,' 3,0 ',187),(917,2,' 1,0 ',188),(514,5,' 4,0 ',189),(767,4,' 2,0 ',190),(148,8,' -   ',191),(498,8,' 2,0 ',192),(136,6,' 2,0 ',193),(352,5,' 4,0 ',194),(797,4,' 4,0 ',195),(524,3,' -   ',196),(926,6,' 1,0 ',197),(420,7,' 4,0 ',198),(117,4,' 2,0 ',199),(675,2,' 4,0 ',200),(357,4,' 3,0 ',201),(272,4,' 3,0 ',202),(238,6,' 3,0 ',203),(203,2,' -   ',204),(863,5,' -   ',205),(714,5,' 1,0 ',206),(433,1,' 3,0 ',207),(726,5,' 4,0 ',208),(549,7,' -   ',209),(762,1,' -   ',210),(698,7,' 3,0 ',211),(186,7,' 5,0 ',212),(384,4,' 2,0 ',213),(166,6,' 4,0 ',214),(604,1,' 4,0 ',215),(995,2,' 4,0 ',216),(249,3,' 2,0 ',217),(735,8,' 1,0 ',218),(468,7,' 4,0 ',219),(680,6,' 1,0 ',220),(987,8,' 1,0 ',221),(121,3,' 3,0 ',222),(810,8,' 1,0 ',223),(693,3,' 1,0 ',224),(20,1,' 5,0 ',225),(216,2,' -   ',226),(624,8,' 2,0 ',227),(169,2,' 4,0 ',228),(911,7,' 2,0 ',229),(920,5,' 2,0 ',230),(124,6,' 5,0 ',231),(822,3,' 2,0 ',232),(110,8,' 2,0 ',233),(25,6,' -   ',234),(367,2,' 4,0 ',235),(645,4,' 4,0 ',236),(165,3,' 2,0 ',237),(938,2,' 1,0 ',238),(851,6,' -   ',239),(121,2,' 3,0 ',240),(893,1,' 5,0 ',241),(841,2,' 5,0 ',242),(58,3,' 2,0 ',243),(583,8,' 3,0 ',244),(1048,1,' -   ',245),(572,3,' 4,0 ',246),(316,2,' -   ',247),(74,6,' 2,0 ',248),(826,7,' 2,0 ',249),(886,3,' 4,0 ',250),(561,2,' 4,0 ',251),(228,2,' 3,0 ',252),(1023,6,' 3,0 ',253),(351,7,' 2,0 ',254),(931,4,' 5,0 ',255),(638,5,' 1,0 ',256),(613,1,' 5,0 ',257),(339,8,' 4,0 ',258),(855,4,' 2,0 ',259),(467,7,' 1,0 ',260),(31,7,' 4,0 ',261),(161,5,' 1,0 ',262),(881,5,' 1,0 ',263),(397,4,' 5,0 ',264),(397,6,' -   ',265),(1047,6,' 4,0 ',266),(791,7,' 5,0 ',267),(1028,1,' -   ',268),(763,3,' 5,0 ',269),(1040,5,' 2,0 ',270),(1010,3,' 5,0 ',271),(746,1,' 5,0 ',272),(1045,5,' 3,0 ',273),(218,4,' 2,0 ',274),(650,4,' 5,0 ',275),(174,2,' 5,0 ',276),(691,4,' -   ',277),(605,6,' -   ',278),(474,1,' 2,0 ',279),(208,7,' -   ',280),(303,4,' 4,0 ',281),(831,3,' 3,0 ',282),(539,6,' 4,0 ',283),(351,2,' -   ',284),(671,5,' 1,0 ',285),(254,3,' 5,0 ',286),(972,4,' 1,0 ',287),(335,2,' 4,0 ',288),(214,8,' -   ',289),(244,7,' 5,0 ',290),(561,4,' 2,0 ',291),(162,6,' 5,0 ',292),(86,1,' 4,0 ',293),(1037,2,' 1,0 ',294),(577,2,' 5,0 ',295),(565,3,' 2,0 ',296),(514,7,' 1,0 ',297),(586,3,' 3,0 ',298),(709,4,' 4,0 ',299),(156,1,' 3,0 ',300),(856,4,' 3,0 ',301),(537,7,' 2,0 ',302),(689,1,' -   ',303),(809,6,' 3,0 ',304),(834,1,' 2,0 ',305),(28,4,' 1,0 ',306),(345,6,' 2,0 ',307),(348,2,' 5,0 ',308),(204,6,' -   ',309),(3,6,' 3,0 ',310),(376,2,' 5,0 ',311),(624,2,' 2,0 ',312),(38,4,' 1,0 ',313),(669,2,' 1,0 ',314),(618,3,' 1,0 ',315),(1012,2,' 4,0 ',316),(136,4,' 3,0 ',317),(152,4,' 3,0 ',318),(861,2,' 4,0 ',319),(642,8,' -   ',320),(722,2,' 3,0 ',321),(506,8,' 4,0 ',322),(396,6,' 4,0 ',323),(864,6,' 5,0 ',324),(750,4,' 4,0 ',325),(309,2,' 2,0 ',326),(974,3,' -   ',327),(553,3,' 4,0 ',328),(844,5,' -   ',329),(729,2,' 1,0 ',330),(146,3,' -   ',331),(837,6,' 4,0 ',332),(496,6,' -   ',333),(787,4,' 4,0 ',334),(549,3,' -   ',335),(403,3,' 4,0 ',336),(491,5,' 5,0 ',337),(415,7,' 1,0 ',338),(486,6,' 1,0 ',339),(964,6,' 4,0 ',340),(284,6,' -   ',341),(1023,7,' 5,0 ',342),(487,3,' 1,0 ',343),(132,6,' 4,0 ',344),(876,5,' -   ',345),(782,6,' -   ',346),(281,7,' 2,0 ',347),(1044,1,' 2,0 ',348),(449,8,' -   ',349),(966,2,' 1,0 ',350),(973,7,' 5,0 ',351),(617,6,' 5,0 ',352),(664,2,' 5,0 ',353),(460,6,' 5,0 ',354),(271,8,' -   ',355),(186,2,' -   ',356),(510,5,' -   ',357),(703,2,' 1,0 ',358),(658,5,' 5,0 ',359),(312,4,' 2,0 ',360),(885,2,' 5,0 ',361),(782,1,' 5,0 ',362),(223,2,' 1,0 ',363),(1033,5,' 3,0 ',364),(684,3,' 2,0 ',365),(128,5,' 4,0 ',366),(889,1,' 5,0 ',367),(334,5,' 2,0 ',368),(513,1,' 1,0 ',369),(810,6,' 5,0 ',370),(1031,1,' 4,0 ',371),(135,8,' 3,0 ',372),(234,3,' 1,0 ',373),(272,8,' 2,0 ',374),(160,5,' 5,0 ',375),(176,5,' 5,0 ',376),(911,2,' 1,0 ',377),(344,8,' 4,0 ',378),(134,6,' 2,0 ',379),(503,7,' -   ',380),(750,6,' 2,0 ',381),(693,8,' 2,0 ',382),(415,4,' 3,0 ',383),(641,2,' 4,0 ',384),(840,8,' 2,0 ',385),(630,5,' 5,0 ',386),(615,5,' 2,0 ',387),(337,5,' -   ',388),(514,3,' 2,0 ',389),(942,3,' 1,0 ',390),(267,5,' 3,0 ',391),(40,8,' 1,0 ',392),(858,2,' 4,0 ',393),(399,2,' 1,0 ',394),(161,8,' 1,0 ',395),(818,4,' 5,0 ',396),(488,4,' -   ',397),(539,4,' 3,0 ',398),(877,8,' 4,0 ',399),(133,2,' 4,0 ',400),(280,1,' 2,0 ',401),(970,8,' 2,0 ',402),(137,1,' 3,0 ',403),(569,6,' 1,0 ',404),(609,2,' 2,0 ',405),(169,3,' 5,0 ',406),(958,1,' 4,0 ',407),(110,1,' 1,0 ',408),(429,3,' 4,0 ',409),(61,8,' 3,0 ',410),(1022,6,' 4,0 ',411),(50,8,' 5,0 ',412),(339,4,' -   ',413),(975,5,' 1,0 ',414),(255,5,' 5,0 ',415),(29,5,' 5,0 ',416),(788,4,' -   ',417),(986,1,' 4,0 ',418),(940,8,' -   ',419),(881,2,' 4,0 ',420),(297,3,' -   ',421),(20,4,' 4,0 ',422),(860,8,' 2,0 ',423),(452,8,' 3,0 ',424),(787,5,' 2,0 ',425),(690,5,' 4,0 ',426),(527,3,' 3,0 ',427),(445,7,' 5,0 ',428),(1004,2,' 3,0 ',429),(650,3,' 3,0 ',430),(141,5,' 3,0 ',431),(867,6,' 4,0 ',432),(930,7,' 2,0 ',433),(148,6,' 3,0 ',434),(213,8,' 3,0 ',435),(60,6,' -   ',436),(562,1,' 4,0 ',437),(950,2,' -   ',438),(740,2,' 1,0 ',439),(1019,7,' 4,0 ',440),(601,6,' 5,0 ',441),(607,2,' -   ',442),(227,4,' 3,0 ',443),(305,3,' 1,0 ',444),(16,6,' 3,0 ',445),(489,1,' 1,0 ',446),(959,7,' -   ',447),(256,1,' 2,0 ',448),(935,3,' 3,0 ',449),(193,5,' -   ',450),(360,7,' 5,0 ',451),(627,6,' 5,0 ',452),(633,5,' 3,0 ',453),(886,7,' 4,0 ',454),(899,7,' 1,0 ',455),(132,2,' 3,0 ',456),(836,6,' 5,0 ',457),(1028,3,' 5,0 ',458),(230,8,' 5,0 ',459),(31,4,' 1,0 ',460),(325,6,' 4,0 ',461),(555,5,' 5,0 ',462),(700,4,' 2,0 ',463),(532,2,' -   ',464),(519,7,' 5,0 ',465),(579,1,' 1,0 ',466),(582,1,' 3,0 ',467),(233,2,' 2,0 ',468),(1,1,' 1,0 ',469),(135,2,' -   ',470),(968,1,' 5,0 ',471),(496,4,' 3,0 ',472),(193,1,' 5,0 ',473),(732,6,' 2,0 ',474),(59,4,' 4,0 ',475),(575,8,' -   ',476),(292,1,' 1,0 ',477),(723,4,' -   ',478),(917,3,' -   ',479),(394,8,' 3,0 ',480),(481,1,' -   ',481),(256,2,' 1,0 ',482),(646,5,' 2,0 ',483),(218,7,' 2,0 ',484),(329,5,' 5,0 ',485),(778,1,' 5,0 ',486),(438,6,' 1,0 ',487),(136,3,' 3,0 ',488),(183,7,' 5,0 ',489),(485,3,' 1,0 ',490),(372,1,' 3,0 ',491),(56,2,' -   ',492),(850,8,' 1,0 ',493),(286,2,' -   ',494),(61,2,' 3,0 ',495),(93,3,' 5,0 ',496),(704,6,' 4,0 ',497),(696,4,' 1,0 ',498),(781,8,' 5,0 ',499),(232,3,' 4,0 ',500),(59,3,' 1,0 ',501),(106,1,' 5,0 ',502),(479,8,' 3,0 ',503),(748,5,' 5,0 ',504),(795,8,' 2,0 ',505),(463,6,' -   ',506),(672,6,' -   ',507),(558,4,' 2,0 ',508),(614,1,' 2,0 ',509),(639,4,' 1,0 ',510),(811,5,' 5,0 ',511),(858,5,' 4,0 ',512),(725,4,' 4,0 ',513),(610,5,' 2,0 ',514),(509,3,' 1,0 ',515),(477,3,' 4,0 ',516),(675,6,' 3,0 ',517),(66,8,' -   ',518),(213,2,' 1,0 ',519),(28,3,' 5,0 ',520),(195,7,' 1,0 ',521),(178,3,' 2,0 ',522),(727,3,' 5,0 ',523),(982,1,' -   ',524),(150,4,' 4,0 ',525),(1008,6,' 3,0 ',526),(52,3,' 3,0 ',527),(243,4,' 5,0 ',528),(697,8,' 4,0 ',529),(755,1,' 2,0 ',530),(679,5,' -   ',531),(762,3,' 3,0 ',532),(322,8,' 1,0 ',533),(384,7,' 3,0 ',534),(902,7,' -   ',535),(180,7,' 1,0 ',536),(550,5,' 3,0 ',537),(246,1,' -   ',538),(757,4,' 1,0 ',539),(402,3,' 2,0 ',540),(385,6,' -   ',541),(39,8,' 1,0 ',542),(506,4,' 2,0 ',543),(466,2,' 5,0 ',544),(88,2,' 2,0 ',545),(717,2,' 1,0 ',546),(418,5,' -   ',547),(418,7,' 1,0 ',548),(716,8,' -   ',549),(188,7,' -   ',550),(43,3,' 5,0 ',551),(713,8,' -   ',552),(640,7,' 5,0 ',553),(1040,3,' 1,0 ',554),(459,8,' 1,0 ',555),(288,8,' 2,0 ',556),(628,4,' 1,0 ',557),(382,2,' 4,0 ',558),(349,8,' -   ',559),(188,4,' 5,0 ',560),(904,5,' -   ',561),(353,5,' -   ',562),(406,3,' 5,0 ',563),(463,2,' 4,0 ',564),(749,3,' 3,0 ',565),(656,2,' 2,0 ',566),(199,7,' 4,0 ',567),(240,1,' 4,0 ',568),(740,1,' -   ',569),(596,8,' -   ',570),(383,5,' 1,0 ',571),(116,2,' -   ',572),(1045,1,' 5,0 ',573),(329,4,' 3,0 ',574),(154,5,' -   ',575),(848,2,' -   ',576),(152,7,' 1,0 ',577),(932,7,' 5,0 ',578),(740,7,' 2,0 ',579),(411,8,' 4,0 ',580),(964,5,' 4,0 ',581),(967,8,' -   ',582),(424,6,' -   ',583),(161,6,' 1,0 ',584),(165,8,' 1,0 ',585),(854,2,' 1,0 ',586),(715,7,' 2,0 ',587),(655,7,' 4,0 ',588),(431,6,' -   ',589),(197,6,' 3,0 ',590),(778,7,' 1,0 ',591),(724,1,' -   ',592),(182,5,' -   ',593),(271,5,' 5,0 ',594),(749,8,' 2,0 ',595),(113,3,' 4,0 ',596),(34,5,' -   ',597),(796,6,' 5,0 ',598),(990,6,' 5,0 ',599),(400,3,' 5,0 ',600),(506,2,' 1,0 ',601),(503,5,' 4,0 ',602),(47,3,' 1,0 ',603),(137,4,' 3,0 ',604),(144,3,' 4,0 ',605),(248,5,' 3,0 ',606),(374,2,' 3,0 ',607),(998,2,' 5,0 ',608),(35,8,' 1,0 ',609),(451,3,' 2,0 ',610),(259,8,' 5,0 ',611),(1050,5,' 4,0 ',612),(592,6,' 5,0 ',613),(639,2,' 1,0 ',614),(116,6,' 5,0 ',615),(249,5,' 5,0 ',616),(246,5,' -   ',617),(500,4,' -   ',618),(114,6,' 2,0 ',619),(670,6,' 2,0 ',620),(35,5,' -   ',621),(223,5,' 5,0 ',622),(78,5,' 1,0 ',623),(1041,6,' 4,0 ',624),(246,2,' 3,0 ',625),(302,3,' 1,0 ',626),(55,7,' 2,0 ',627),(865,2,' 3,0 ',628),(190,1,' 5,0 ',629),(427,7,' -   ',630),(395,7,' 1,0 ',631),(20,3,' -   ',632),(589,6,' 3,0 ',633),(1047,3,' -   ',634),(977,5,' 4,0 ',635),(102,2,' 5,0 ',636),(41,1,' 3,0 ',637),(1033,3,' 5,0 ',638),(613,8,' 1,0 ',639),(424,1,' 5,0 ',640),(642,3,' 5,0 ',641),(738,6,' 5,0 ',642),(297,8,' 5,0 ',643),(621,8,' 1,0 ',644),(722,7,' 5,0 ',645),(680,8,' 2,0 ',646),(256,3,' 3,0 ',647),(486,2,' 3,0 ',648),(398,6,' 4,0 ',649),(265,2,' -   ',650),(265,8,' 2,0 ',651),(222,6,' 1,0 ',652),(371,8,' 3,0 ',653),(758,5,' 3,0 ',654),(848,6,' 1,0 ',655),(365,8,' -   ',656),(442,5,' 2,0 ',657),(734,2,' 4,0 ',658),(649,5,' 3,0 ',659),(708,5,' 4,0 ',660),(846,4,' 5,0 ',661),(554,4,' 4,0 ',662),(42,2,' 2,0 ',663),(209,4,' -   ',664),(1041,2,' 1,0 ',665),(504,3,' 5,0 ',666),(698,1,' 5,0 ',667),(676,2,' 2,0 ',668),(433,3,' 1,0 ',669),(663,7,' 1,0 ',670),(814,3,' 1,0 ',671),(245,1,' 1,0 ',672),(541,3,' 1,0 ',673),(683,4,' 4,0 ',674),(553,7,' 1,0 ',675),(671,3,' 1,0 ',676),(409,4,' 4,0 ',677),(544,6,' 1,0 ',678),(706,3,' 4,0 ',679),(820,2,' -   ',680),(396,7,' 4,0 ',681),(686,6,' 1,0 ',682),(716,2,' 1,0 ',683),(580,8,' 5,0 ',684),(540,7,' 1,0 ',685),(626,6,' 5,0 ',686),(502,7,' 3,0 ',687),(873,5,' 2,0 ',688),(292,8,' 3,0 ',689),(68,4,' 5,0 ',690),(898,3,' 5,0 ',691),(707,8,' 1,0 ',692),(553,1,' 1,0 ',693),(752,6,' 1,0 ',694),(18,1,' 2,0 ',695),(310,1,' 4,0 ',696),(578,1,' 3,0 ',697),(266,7,' 1,0 ',698),(164,2,' 1,0 ',699),(991,1,' 2,0 ',700),(124,3,' 3,0 ',701),(87,2,' 5,0 ',702),(384,5,' 2,0 ',703),(268,5,' 4,0 ',704),(1037,7,' 5,0 ',705),(49,3,' 5,0 ',706),(204,1,' 2,0 ',707),(29,3,' 1,0 ',708),(606,5,' 4,0 ',709),(301,7,' 1,0 ',710),(369,3,' -   ',711),(410,2,' 5,0 ',712),(268,7,' 3,0 ',713),(483,1,' 3,0 ',714),(812,7,' 5,0 ',715),(853,6,' 1,0 ',716),(841,1,' -   ',717),(97,3,' 2,0 ',718),(463,8,' 5,0 ',719),(1000,1,' 1,0 ',720),(1044,3,' 4,0 ',721),(101,4,' 4,0 ',722),(494,6,' 5,0 ',723),(926,7,' -   ',724),(186,5,' 5,0 ',725),(319,1,' 2,0 ',726),(377,2,' -   ',727),(1039,7,' 5,0 ',728),(113,2,' -   ',729),(304,6,' -   ',730),(975,1,' -   ',731),(773,3,' 2,0 ',732),(483,4,' 2,0 ',733),(1009,1,' 2,0 ',734),(543,3,' 1,0 ',735),(585,7,' 1,0 ',736),(923,6,' 3,0 ',737),(579,6,' 2,0 ',738),(922,3,' 2,0 ',739),(304,1,' 5,0 ',740),(298,3,' 1,0 ',741),(931,1,' 3,0 ',742),(981,1,' 4,0 ',743),(107,8,' -   ',744),(911,3,' 5,0 ',745),(699,1,' 1,0 ',746),(247,5,' 2,0 ',747),(259,1,' 2,0 ',748),(825,3,' 3,0 ',749),(430,6,' 3,0 ',750),(427,5,' 2,0 ',751),(3,1,' 3,0 ',752),(536,6,' 2,0 ',753),(147,5,' 2,0 ',754),(383,8,' 4,0 ',755),(352,2,' 4,0 ',756),(264,5,' 5,0 ',757),(777,4,' 5,0 ',758),(581,5,' 1,0 ',759),(828,6,' 1,0 ',760),(490,2,' 4,0 ',761),(311,4,' 1,0 ',762),(677,3,' 5,0 ',763),(460,2,' 1,0 ',764),(94,8,' 3,0 ',765),(264,2,' -   ',766),(353,8,' -   ',767),(274,1,' 1,0 ',768),(138,2,' 3,0 ',769),(641,6,' 3,0 ',770),(517,3,' 3,0 ',771),(181,2,' 1,0 ',772),(2,8,' 1,0 ',773),(988,3,' -   ',774),(571,8,' 1,0 ',775),(304,2,' -   ',776),(993,5,' -   ',777),(19,4,' 5,0 ',778),(497,1,' 5,0 ',779),(774,1,' 4,0 ',780),(115,8,' 5,0 ',781),(171,1,' 3,0 ',782),(972,3,' 1,0 ',783),(250,4,' 1,0 ',784),(915,3,' -   ',785),(363,2,' 5,0 ',786),(819,2,' 3,0 ',787),(924,7,' 1,0 ',788),(1050,7,' 5,0 ',789),(963,4,' 5,0 ',790),(895,8,' 4,0 ',791),(983,3,' 1,0 ',792),(765,4,' 1,0 ',793),(358,2,' 4,0 ',794),(284,2,' 3,0 ',795),(643,8,' 3,0 ',796),(679,4,' -   ',797),(374,5,' 2,0 ',798),(1033,4,' 4,0 ',799),(47,5,' 3,0 ',800),(664,8,' 2,0 ',801),(1029,3,' 3,0 ',802),(603,4,' 2,0 ',803),(730,2,' -   ',804),(872,8,' 3,0 ',805),(76,3,' 1,0 ',806),(506,3,' 1,0 ',807),(682,5,' 1,0 ',808),(554,7,' 2,0 ',809),(270,7,' 4,0 ',810),(883,8,' 2,0 ',811),(274,5,' 3,0 ',812),(852,4,' 3,0 ',813),(281,3,' -   ',814),(598,1,' 4,0 ',815),(237,4,' 1,0 ',816),(884,6,' 3,0 ',817),(404,3,' 4,0 ',818),(13,7,' 4,0 ',819),(666,5,' 3,0 ',820),(584,7,' -   ',821),(392,3,' -   ',822),(174,8,' 2,0 ',823),(54,6,' 5,0 ',824),(255,3,' 4,0 ',825),(373,2,' 5,0 ',826),(1028,8,' -   ',827),(681,8,' 4,0 ',828),(6,5,' 2,0 ',829),(150,7,' 4,0 ',830),(258,6,' 5,0 ',831),(32,5,' 1,0 ',832),(912,3,' 3,0 ',833),(269,4,' 4,0 ',834),(950,8,' 2,0 ',835),(349,3,' 3,0 ',836),(818,6,' 5,0 ',837),(758,3,' 4,0 ',838),(715,2,' 5,0 ',839),(814,5,' 5,0 ',840),(592,4,' -   ',841),(482,4,' 1,0 ',842),(706,2,' 3,0 ',843),(402,6,' -   ',844),(1039,3,' 4,0 ',845),(61,6,' 1,0 ',846),(76,4,' 4,0 ',847),(1008,7,' 2,0 ',848),(234,6,' 4,0 ',849),(96,6,' 4,0 ',850),(931,8,' 3,0 ',851),(415,8,' 2,0 ',852),(627,7,' 1,0 ',853),(910,5,' 2,0 ',854),(725,7,' 1,0 ',855),(244,1,' 2,0 ',856),(310,7,' -   ',857),(345,8,' -   ',858),(768,4,' 1,0 ',859),(766,1,' 3,0 ',860),(292,6,' 5,0 ',861),(368,6,' -   ',862),(789,2,' -   ',863),(522,6,' 1,0 ',864),(839,3,' -   ',865),(688,4,' 3,0 ',866),(19,3,' 2,0 ',867),(300,1,' 2,0 ',868),(237,1,' 5,0 ',869),(226,8,' 1,0 ',870),(893,3,' 2,0 ',871),(835,3,' 3,0 ',872),(1020,5,' 3,0 ',873),(1027,3,' 1,0 ',874),(127,3,' 1,0 ',875),(89,5,' 3,0 ',876),(530,6,' 2,0 ',877),(938,5,' 1,0 ',878),(728,5,' 5,0 ',879),(337,3,' -   ',880),(686,7,' 3,0 ',881),(672,7,' 2,0 ',882),(361,3,' 4,0 ',883),(94,5,' 2,0 ',884),(666,6,' 5,0 ',885),(78,2,' 5,0 ',886),(472,2,' 3,0 ',887),(238,8,' 2,0 ',888),(39,3,' 5,0 ',889),(531,1,' 3,0 ',890),(619,1,' -   ',891),(421,6,' 5,0 ',892),(654,3,' 1,0 ',893),(306,3,' 3,0 ',894),(731,7,' -   ',895),(494,8,' 1,0 ',896),(759,4,' 3,0 ',897),(70,1,' 1,0 ',898),(423,1,' 1,0 ',899),(573,2,' 1,0 ',900),(135,5,' 1,0 ',901),(350,3,' 1,0 ',902),(91,7,' 3,0 ',903),(366,4,' -   ',904),(30,6,' 1,0 ',905),(71,6,' 5,0 ',906),(182,8,' 4,0 ',907),(872,7,' 4,0 ',908),(293,7,' -   ',909),(576,3,' 5,0 ',910),(147,6,' 4,0 ',911),(306,5,' -   ',912),(1012,4,' 4,0 ',913),(1002,1,' 1,0 ',914),(176,3,' 2,0 ',915),(244,4,' 2,0 ',916),(109,5,' 4,0 ',917),(60,4,' 2,0 ',918),(62,2,' 2,0 ',919),(824,1,' 1,0 ',920),(143,6,' 1,0 ',921),(709,2,' 4,0 ',922),(260,7,' 5,0 ',923),(565,7,' 5,0 ',924),(531,4,' 1,0 ',925),(867,1,' 1,0 ',926),(974,1,' 3,0 ',927),(503,6,' 2,0 ',928),(195,6,' 5,0 ',929),(85,5,' 5,0 ',930),(661,1,' 4,0 ',931),(189,8,' 1,0 ',932),(793,8,' 2,0 ',933),(177,1,' 2,0 ',934),(82,2,' 3,0 ',935),(614,6,' 2,0 ',936),(703,5,' 5,0 ',937),(229,2,' 3,0 ',938),(87,4,' -   ',939),(821,1,' 3,0 ',940),(470,5,' 1,0 ',941),(14,1,' 1,0 ',942),(761,7,' 3,0 ',943),(669,5,' -   ',944),(896,2,' -   ',945),(7,6,' 5,0 ',946),(364,3,' 3,0 ',947),(854,8,' 2,0 ',948),(412,4,' 2,0 ',949),(880,6,' 3,0 ',950),(73,6,' -   ',951),(807,8,' 3,0 ',952),(854,5,' 3,0 ',953),(171,8,' -   ',954),(996,2,' 1,0 ',955),(210,4,' 5,0 ',956),(1001,3,' 4,0 ',957),(423,4,' 5,0 ',958),(54,4,' 3,0 ',959),(870,5,' 4,0 ',960),(932,4,' 3,0 ',961),(448,7,' 2,0 ',962),(557,6,' -   ',963),(195,2,' 4,0 ',964),(950,1,' 1,0 ',965),(33,4,' 5,0 ',966),(446,3,' -   ',967),(935,1,' 4,0 ',968),(497,3,' -   ',969),(528,1,' 3,0 ',970),(964,4,' 2,0 ',971),(346,5,' -   ',972),(1008,2,' 4,0 ',973),(944,8,' 3,0 ',974),(298,2,' 1,0 ',975),(421,5,' 3,0 ',976),(266,5,' 1,0 ',977),(255,8,' 1,0 ',978),(587,2,' 3,0 ',979),(314,4,' 1,0 ',980),(358,3,' -   ',981),(924,3,' 5,0 ',982),(358,6,' 4,0 ',983),(33,1,' -   ',984),(410,5,' 4,0 ',985),(734,4,' 3,0 ',986),(669,1,' 2,0 ',987),(594,5,' 1,0 ',988),(214,7,' 5,0 ',989),(1034,6,' 1,0 ',990),(212,3,' 5,0 ',991),(828,4,' -   ',992),(793,3,' -   ',993),(758,2,' 5,0 ',994),(242,1,' 4,0 ',995),(892,6,' 1,0 ',996),(553,2,' 2,0 ',997),(10,6,' 3,0 ',998),(656,7,' 1,0 ',999),(990,8,' 3,0 ',1000),(450,4,' -   ',1001),(488,6,' 2,0 ',1002),(280,7,' 3,0 ',1003),(966,3,' 3,0 ',1004),(545,3,' 4,0 ',1005),(270,2,' 3,0 ',1006),(328,3,' 5,0 ',1007),(869,5,' 2,0 ',1008),(881,6,' -   ',1009),(467,1,' 3,0 ',1010),(201,3,' 2,0 ',1011),(46,8,' 4,0 ',1012),(1002,2,' 5,0 ',1013),(510,1,' 5,0 ',1014),(233,7,' 1,0 ',1015),(760,4,' 4,0 ',1016),(787,8,' 3,0 ',1017),(560,2,' -   ',1018),(447,4,' 5,0 ',1019),(220,3,' 2,0 ',1020),(251,2,' 5,0 ',1021),(1041,1,' 2,0 ',1022),(936,5,' -   ',1023),(556,8,' 2,0 ',1024),(1026,6,' 4,0 ',1025),(452,6,' 3,0 ',1026),(327,4,' 4,0 ',1027),(652,8,' 4,0 ',1028),(438,1,' 3,0 ',1029),(26,8,' 3,0 ',1030),(724,8,' 2,0 ',1031),(980,3,' 2,0 ',1032),(255,6,' 4,0 ',1033),(1012,5,' 1,0 ',1034),(346,8,' 2,0 ',1035),(120,3,' 1,0 ',1036),(314,1,' 2,0 ',1037),(757,3,' 4,0 ',1038),(910,2,' 2,0 ',1039),(663,8,' 2,0 ',1040),(64,3,' 3,0 ',1041),(378,8,' 3,0 ',1042),(342,7,' 2,0 ',1043),(272,2,' 3,0 ',1044),(257,2,' 4,0 ',1045),(179,3,' 2,0 ',1046),(185,4,' 3,0 ',1047),(412,8,' 4,0 ',1048),(32,1,' 5,0 ',1049),(277,4,' 4,0 ',1050),(190,3,' 1,0 ',1051),(718,1,' 1,0 ',1052),(124,1,' -   ',1053),(117,6,' 1,0 ',1054),(795,3,' 5,0 ',1055),(590,2,' 3,0 ',1056),(244,8,' 2,0 ',1057),(829,6,' 3,0 ',1058),(918,3,' -   ',1059),(611,8,' 4,0 ',1060),(222,5,' -   ',1061),(263,2,' 1,0 ',1062),(434,8,' 2,0 ',1063),(829,3,' 2,0 ',1064),(84,4,' 2,0 ',1065),(721,2,' 4,0 ',1066),(87,3,' 5,0 ',1067),(139,1,' 4,0 ',1068),(518,1,' 1,0 ',1069),(585,8,' 5,0 ',1070),(192,5,' 4,0 ',1071),(245,3,' 1,0 ',1072),(868,2,' -   ',1073),(417,7,' 4,0 ',1074),(114,5,' 5,0 ',1075),(756,3,' 4,0 ',1076),(406,2,' 3,0 ',1077),(785,7,' 4,0 ',1078),(318,4,' 4,0 ',1079),(928,1,' 3,0 ',1080),(871,2,' 5,0 ',1081),(436,6,' 4,0 ',1082),(1035,7,' 5,0 ',1083),(507,6,' 3,0 ',1084),(476,4,' 1,0 ',1085),(31,2,' 4,0 ',1086),(117,3,' 3,0 ',1087),(40,6,' 1,0 ',1088),(229,3,' 5,0 ',1089),(671,7,' -   ',1090),(482,1,' 3,0 ',1091),(257,4,' 3,0 ',1092),(625,6,' 3,0 ',1093),(745,2,' 2,0 ',1094),(497,8,' 1,0 ',1095),(293,4,' -   ',1096),(473,5,' -   ',1097),(225,2,' 5,0 ',1098),(726,2,' -   ',1099),(706,6,' 2,0 ',1100),(461,4,' 1,0 ',1101),(670,3,' 1,0 ',1102),(929,4,' 1,0 ',1103),(28,1,' 2,0 ',1104),(317,7,' 3,0 ',1105),(880,3,' -   ',1106),(174,1,' 3,0 ',1107),(525,7,' 5,0 ',1108),(886,2,' 5,0 ',1109),(796,1,' 4,0 ',1110),(941,4,' 3,0 ',1111),(240,4,' 3,0 ',1112),(653,3,' 1,0 ',1113),(731,4,' 4,0 ',1114),(1,3,' 1,0 ',1115),(128,6,' 2,0 ',1116),(227,3,' 4,0 ',1117),(166,4,' 1,0 ',1118),(420,5,' -   ',1119),(240,5,' -   ',1120),(465,5,' 3,0 ',1121),(879,1,' 4,0 ',1122),(226,2,' 5,0 ',1123),(572,5,' 4,0 ',1124),(399,7,' -   ',1125),(214,1,' 4,0 ',1126),(1014,5,' 5,0 ',1127),(146,5,' 3,0 ',1128),(300,6,' 4,0 ',1129),(630,2,' -   ',1130),(882,5,' -   ',1131),(455,7,' -   ',1132),(370,7,' 5,0 ',1133),(778,4,' 2,0 ',1134),(354,7,' -   ',1135),(884,1,' 5,0 ',1136),(459,2,' 3,0 ',1137),(636,1,' 5,0 ',1138),(652,5,' 1,0 ',1139),(204,4,' 2,0 ',1140),(774,7,' 3,0 ',1141),(608,1,' 3,0 ',1142),(705,3,' 5,0 ',1143),(947,6,' 4,0 ',1144),(891,3,' 4,0 ',1145),(451,6,' 1,0 ',1146),(955,1,' 5,0 ',1147),(787,7,' 3,0 ',1148),(21,1,' 3,0 ',1149),(224,1,' -   ',1150),(719,7,' 5,0 ',1151),(788,7,' 2,0 ',1152),(972,6,' 3,0 ',1153),(140,2,' 1,0 ',1154),(553,4,' 3,0 ',1155),(1050,2,' 3,0 ',1156),(738,5,' 5,0 ',1157),(840,3,' -   ',1158),(51,1,' 5,0 ',1159),(286,4,' 4,0 ',1160),(534,7,' 5,0 ',1161),(315,7,' -   ',1162),(465,8,' 3,0 ',1163),(855,5,' 4,0 ',1164),(485,2,' 3,0 ',1165),(1049,5,' 4,0 ',1166),(460,4,' 4,0 ',1167),(623,1,' 4,0 ',1168),(337,2,' 3,0 ',1169),(209,2,' 5,0 ',1170),(191,7,' -   ',1171),(300,7,' -   ',1172),(432,2,' 2,0 ',1173),(514,1,' 2,0 ',1174),(743,1,' 2,0 ',1175),(41,6,' 2,0 ',1176),(509,5,' 1,0 ',1177),(728,3,' 1,0 ',1178),(562,7,' 1,0 ',1179),(573,3,' 5,0 ',1180),(571,1,' 4,0 ',1181),(138,8,' 3,0 ',1182),(893,4,' 1,0 ',1183),(628,3,' 4,0 ',1184),(398,7,' 2,0 ',1185),(322,1,' 2,0 ',1186),(393,2,' 2,0 ',1187),(702,2,' 4,0 ',1188),(668,3,' 4,0 ',1189),(468,1,' 2,0 ',1190),(155,7,' -   ',1191),(850,3,' 5,0 ',1192),(651,5,' 3,0 ',1193),(978,7,' 2,0 ',1194),(492,5,' 2,0 ',1195),(678,3,' 2,0 ',1196),(155,4,' 2,0 ',1197),(262,5,' 3,0 ',1198),(489,7,' 3,0 ',1199),(897,1,' -   ',1200),(939,5,' 4,0 ',1201),(779,2,' 4,0 ',1202),(330,3,' 1,0 ',1203),(272,1,' 2,0 ',1204),(509,1,' 3,0 ',1205),(813,7,' 1,0 ',1206),(387,4,' 4,0 ',1207),(297,1,' -   ',1208),(257,1,' 3,0 ',1209),(386,8,' 5,0 ',1210),(460,7,' -   ',1211),(970,6,' -   ',1212),(545,5,' 2,0 ',1213),(35,2,' 5,0 ',1214),(123,5,' 1,0 ',1215),(160,4,' 4,0 ',1216),(131,2,' 3,0 ',1217),(223,1,' 5,0 ',1218),(63,2,' 2,0 ',1219),(434,7,' 2,0 ',1220),(278,5,' 2,0 ',1221),(854,7,' 4,0 ',1222),(388,5,' 4,0 ',1223),(195,5,' 4,0 ',1224),(343,7,' -   ',1225),(51,2,' 2,0 ',1226),(1016,8,' 2,0 ',1227),(353,1,' -   ',1228),(41,3,' 4,0 ',1229),(490,8,' 3,0 ',1230),(960,2,' 2,0 ',1231),(533,1,' -   ',1232),(1011,7,' 5,0 ',1233),(830,7,' 4,0 ',1234),(340,3,' 5,0 ',1235),(44,8,' 2,0 ',1236),(875,6,' 4,0 ',1237),(390,5,' 2,0 ',1238),(644,8,' 1,0 ',1239),(696,5,' -   ',1240),(909,8,' -   ',1241),(606,6,' 5,0 ',1242),(606,4,' -   ',1243),(866,5,' -   ',1244),(90,8,' -   ',1245),(23,7,' 5,0 ',1246),(953,1,' 3,0 ',1247),(531,6,' 1,0 ',1248),(302,2,' 2,0 ',1249),(119,8,' 1,0 ',1250),(659,7,' 2,0 ',1251),(546,8,' 1,0 ',1252),(18,2,' 4,0 ',1253),(476,2,' 4,0 ',1254),(844,8,' 2,0 ',1255),(284,8,' -   ',1256),(252,7,' 3,0 ',1257),(538,8,' 4,0 ',1258),(275,6,' 1,0 ',1259),(533,6,' -   ',1260),(185,1,' -   ',1261),(184,8,' 5,0 ',1262),(712,8,' 2,0 ',1263),(228,6,' 1,0 ',1264),(855,2,' 4,0 ',1265),(150,8,' -   ',1266),(231,2,' -   ',1267),(299,2,' 5,0 ',1268),(756,7,' 1,0 ',1269),(909,7,' 1,0 ',1270),(103,1,' 5,0 ',1271),(908,1,' 4,0 ',1272),(787,3,' -   ',1273),(332,3,' 1,0 ',1274),(809,8,' 4,0 ',1275),(819,6,' 1,0 ',1276),(318,5,' 3,0 ',1277),(156,4,' 3,0 ',1278),(775,4,' 3,0 ',1279),(224,4,' 2,0 ',1280),(970,7,' 1,0 ',1281),(344,1,' 3,0 ',1282),(346,4,' 4,0 ',1283),(630,7,' 3,0 ',1284),(844,2,' 5,0 ',1285),(510,7,' 4,0 ',1286),(305,1,' 3,0 ',1287),(589,1,' -   ',1288),(982,4,' 4,0 ',1289),(703,6,' 2,0 ',1290),(346,6,' 4,0 ',1291),(295,6,' 4,0 ',1292),(277,8,' 2,0 ',1293),(26,1,' 5,0 ',1294),(867,4,' 2,0 ',1295),(563,4,' 1,0 ',1296),(525,1,' 3,0 ',1297),(287,4,' 3,0 ',1298),(917,1,' -   ',1299),(461,1,' 2,0 ',1300),(954,5,' -   ',1301),(912,5,' 2,0 ',1302),(562,4,' 2,0 ',1303),(858,8,' 5,0 ',1304),(24,6,' 2,0 ',1305),(519,5,' 3,0 ',1306),(282,1,' 1,0 ',1307),(594,4,' 3,0 ',1308),(102,5,' 4,0 ',1309),(846,2,' -   ',1310),(101,5,' -   ',1311),(712,1,' -   ',1312),(771,3,' 4,0 ',1313),(807,4,' 1,0 ',1314),(717,4,' -   ',1315),(893,5,' 3,0 ',1316),(707,2,' 2,0 ',1317),(641,3,' 1,0 ',1318),(79,5,' 5,0 ',1319),(566,4,' -   ',1320),(840,1,' 5,0 ',1321),(417,2,' 5,0 ',1322),(261,7,' 1,0 ',1323),(86,2,' 2,0 ',1324),(150,3,' 4,0 ',1325),(555,6,' 5,0 ',1326),(277,3,' 5,0 ',1327),(872,1,' -   ',1328),(917,6,' 2,0 ',1329),(343,6,' 2,0 ',1330),(756,8,' 2,0 ',1331),(646,3,' 1,0 ',1332),(463,1,' 4,0 ',1333),(546,4,' 1,0 ',1334),(383,1,' 1,0 ',1335),(370,1,' -   ',1336),(119,4,' -   ',1337),(1047,5,' -   ',1338),(1036,7,' 5,0 ',1339),(307,4,' 5,0 ',1340),(1035,4,' 2,0 ',1341),(197,2,' 4,0 ',1342),(263,6,' 2,0 ',1343),(781,2,' 5,0 ',1344),(660,3,' -   ',1345),(193,6,' 5,0 ',1346),(296,6,' 5,0 ',1347),(110,3,' 1,0 ',1348),(914,7,' -   ',1349),(773,4,' 4,0 ',1350),(608,7,' 1,0 ',1351),(948,2,' 3,0 ',1352),(817,4,' -   ',1353),(375,3,' 4,0 ',1354),(621,4,' 4,0 ',1355),(202,8,' 2,0 ',1356),(520,8,' 1,0 ',1357),(67,6,' 3,0 ',1358),(167,8,' 4,0 ',1359),(743,3,' -   ',1360),(100,7,' -   ',1361),(42,8,' 1,0 ',1362),(945,7,' -   ',1363),(219,3,' 5,0 ',1364),(336,4,' 2,0 ',1365),(366,8,' 1,0 ',1366),(98,5,' 2,0 ',1367),(770,7,' 5,0 ',1368),(198,4,' 1,0 ',1369),(937,5,' 1,0 ',1370),(730,7,' 2,0 ',1371),(900,8,' 5,0 ',1372),(82,5,' -   ',1373),(793,4,' 3,0 ',1374),(303,6,' -   ',1375),(537,5,' 3,0 ',1376),(833,5,' -   ',1377),(786,5,' 4,0 ',1378),(487,6,' 2,0 ',1379),(1031,6,' 1,0 ',1380),(636,2,' 5,0 ',1381),(751,5,' 2,0 ',1382),(207,7,' -   ',1383),(832,8,' 1,0 ',1384),(780,6,' 1,0 ',1385),(636,4,' 4,0 ',1386),(868,3,' 4,0 ',1387),(273,5,' 4,0 ',1388),(198,6,' 1,0 ',1389),(647,6,' 5,0 ',1390),(123,8,' 2,0 ',1391),(559,8,' 4,0 ',1392),(155,1,' 1,0 ',1393),(18,7,' 3,0 ',1394),(269,7,' 2,0 ',1395),(201,6,' -   ',1396),(802,2,' 1,0 ',1397),(211,3,' -   ',1398),(53,5,' 1,0 ',1399),(747,3,' 2,0 ',1400),(462,6,' 2,0 ',1401),(17,2,' 2,0 ',1402),(586,2,' 2,0 ',1403),(976,4,' 2,0 ',1404),(49,4,' 1,0 ',1405),(536,4,' -   ',1406),(914,6,' -   ',1407),(682,6,' 4,0 ',1408),(563,3,' 2,0 ',1409),(995,3,' 4,0 ',1410),(1042,3,' 1,0 ',1411),(139,8,' 4,0 ',1412),(126,3,' -   ',1413),(764,5,' 1,0 ',1414),(661,3,' 2,0 ',1415),(719,5,' 4,0 ',1416),(1040,4,' 1,0 ',1417),(748,3,' 4,0 ',1418),(831,5,' -   ',1419),(236,1,' 1,0 ',1420),(844,6,' 4,0 ',1421),(592,7,' -   ',1422),(443,4,' 5,0 ',1423),(285,2,' 1,0 ',1424),(72,8,' 4,0 ',1425),(701,4,' 1,0 ',1426),(331,8,' 3,0 ',1427),(547,4,' 5,0 ',1428),(514,4,' 3,0 ',1429),(418,6,' -   ',1430),(704,4,' 2,0 ',1431),(1022,3,' 1,0 ',1432),(262,7,' 3,0 ',1433),(870,4,' 4,0 ',1434),(122,4,' 3,0 ',1435),(675,5,' 1,0 ',1436),(832,2,' 4,0 ',1437),(857,2,' 3,0 ',1438),(703,4,' 3,0 ',1439),(530,3,' 2,0 ',1440),(782,2,' 3,0 ',1441),(390,6,' 1,0 ',1442),(744,3,' 5,0 ',1443),(943,1,' 4,0 ',1444),(882,8,' 2,0 ',1445),(287,3,' 3,0 ',1446),(315,8,' 3,0 ',1447),(692,3,' -   ',1448),(526,7,' 3,0 ',1449),(862,4,' 3,0 ',1450),(832,4,' -   ',1451),(672,2,' 5,0 ',1452),(5,6,' -   ',1453),(295,3,' 3,0 ',1454),(661,4,' 4,0 ',1455),(307,3,' -   ',1456),(676,3,' 5,0 ',1457),(897,2,' 3,0 ',1458),(871,7,' 5,0 ',1459),(627,2,' 5,0 ',1460),(181,4,' 5,0 ',1461),(802,1,' 2,0 ',1462),(486,4,' -   ',1463),(676,1,' 1,0 ',1464),(769,2,' 2,0 ',1465),(623,7,' -   ',1466),(773,8,' 3,0 ',1467),(172,6,' 1,0 ',1468),(228,1,' 2,0 ',1469),(888,8,' 1,0 ',1470),(1037,1,' 4,0 ',1471),(708,8,' 2,0 ',1472),(523,6,' 2,0 ',1473),(106,7,' 4,0 ',1474),(815,5,' 5,0 ',1475),(727,4,' 5,0 ',1476),(304,3,' 2,0 ',1477),(574,2,' 2,0 ',1478),(844,4,' 2,0 ',1479),(999,7,' 4,0 ',1480),(592,8,' 4,0 ',1481),(447,7,' 3,0 ',1482),(220,8,' 1,0 ',1483),(261,3,' 1,0 ',1484),(604,7,' 2,0 ',1485),(1042,4,' 5,0 ',1486),(1027,5,' 5,0 ',1487),(747,1,' 3,0 ',1488),(881,8,' 3,0 ',1489),(964,2,' 2,0 ',1490),(587,1,' 1,0 ',1491),(1037,4,' 4,0 ',1492),(753,5,' 5,0 ',1493),(479,2,' 3,0 ',1494),(308,7,' 3,0 ',1495),(75,7,' 5,0 ',1496),(882,3,' 1,0 ',1497),(647,3,' 5,0 ',1498),(667,5,' 1,0 ',1499),(457,1,' 5,0 ',1500),(556,1,' 1,0 ',1501),(883,6,' 4,0 ',1502),(5,7,' 5,0 ',1503),(903,3,' -   ',1504),(1002,5,' -   ',1505),(12,8,' 2,0 ',1506),(1046,7,' -   ',1507),(511,6,' 1,0 ',1508),(779,3,' 1,0 ',1509),(81,3,' 1,0 ',1510),(928,8,' 3,0 ',1511),(111,1,' -   ',1512),(788,2,' 3,0 ',1513),(966,7,' 2,0 ',1514),(91,8,' 2,0 ',1515),(105,2,' 2,0 ',1516),(27,3,' 1,0 ',1517),(335,5,' 2,0 ',1518),(364,2,' 3,0 ',1519),(170,3,' 3,0 ',1520),(62,1,' 5,0 ',1521),(725,2,' 5,0 ',1522),(294,2,' 3,0 ',1523),(758,4,' 2,0 ',1524),(24,2,' 5,0 ',1525),(574,7,' 2,0 ',1526),(270,4,' 4,0 ',1527),(284,7,' 3,0 ',1528),(620,6,' 1,0 ',1529),(833,6,' 1,0 ',1530),(192,3,' 3,0 ',1531),(985,1,' 5,0 ',1532),(279,3,' 5,0 ',1533),(141,2,' 4,0 ',1534),(698,8,' 2,0 ',1535),(448,8,' 2,0 ',1536),(842,1,' 5,0 ',1537),(58,7,' 4,0 ',1538),(231,7,' 3,0 ',1539),(958,4,' 4,0 ',1540),(493,7,' 1,0 ',1541),(59,6,' 4,0 ',1542),(450,3,' 1,0 ',1543),(213,1,' 5,0 ',1544),(785,6,' -   ',1545),(597,1,' 5,0 ',1546),(348,4,' 4,0 ',1547),(352,4,' 2,0 ',1548),(955,3,' 3,0 ',1549),(834,7,' 3,0 ',1550),(996,7,' 2,0 ',1551),(123,1,' 5,0 ',1552),(310,6,' 5,0 ',1553),(666,1,' 3,0 ',1554),(372,5,' -   ',1555),(905,7,' 1,0 ',1556),(944,2,' -   ',1557),(624,6,' -   ',1558),(650,1,' 5,0 ',1559),(479,7,' 1,0 ',1560),(477,7,' 1,0 ',1561),(1020,7,' 5,0 ',1562),(178,4,' 5,0 ',1563),(454,8,' -   ',1564),(1021,2,' 3,0 ',1565),(417,8,' -   ',1566),(299,7,' 1,0 ',1567),(313,2,' 2,0 ',1568),(1039,6,' -   ',1569),(252,3,' 3,0 ',1570),(325,2,' 1,0 ',1571),(320,4,' 1,0 ',1572),(857,5,' 3,0 ',1573),(258,1,' 2,0 ',1574),(637,1,' 1,0 ',1575),(388,8,' 1,0 ',1576),(91,4,' 2,0 ',1577),(206,2,' -   ',1578),(900,6,' 3,0 ',1579),(99,7,' 4,0 ',1580),(492,7,' 5,0 ',1581),(56,4,' 5,0 ',1582),(76,6,' 1,0 ',1583),(515,3,' -   ',1584),(323,6,' 4,0 ',1585),(546,5,' 1,0 ',1586),(772,2,' 4,0 ',1587),(673,7,' 4,0 ',1588),(758,7,' 3,0 ',1589),(819,1,' 2,0 ',1590),(939,8,' 4,0 ',1591),(613,5,' 1,0 ',1592),(41,4,' 2,0 ',1593),(887,1,' 5,0 ',1594),(413,4,' 5,0 ',1595),(569,4,' 2,0 ',1596),(156,3,' 1,0 ',1597),(87,6,' 4,0 ',1598),(184,5,' 4,0 ',1599),(915,1,' 2,0 ',1600),(414,7,' 4,0 ',1601),(693,1,' 5,0 ',1602),(879,3,' -   ',1603),(171,3,' 2,0 ',1604),(496,3,' 3,0 ',1605),(456,5,' 2,0 ',1606),(97,4,' 3,0 ',1607),(555,4,' 1,0 ',1608),(43,6,' 2,0 ',1609),(461,6,' -   ',1610),(445,4,' 2,0 ',1611),(674,3,' 2,0 ',1612),(984,1,' 3,0 ',1613),(570,5,' 2,0 ',1614),(72,1,' 4,0 ',1615),(381,8,' 5,0 ',1616),(366,7,' 4,0 ',1617),(245,2,' -   ',1618),(519,8,' -   ',1619),(347,3,' 3,0 ',1620),(828,3,' 4,0 ',1621),(210,6,' 4,0 ',1622),(618,6,' 3,0 ',1623),(57,7,' -   ',1624),(716,3,' 3,0 ',1625),(966,4,' 1,0 ',1626),(669,7,' 4,0 ',1627),(445,3,' 5,0 ',1628),(50,3,' 3,0 ',1629),(766,2,' 4,0 ',1630),(777,7,' -   ',1631),(997,4,' 3,0 ',1632),(1031,3,' 2,0 ',1633),(266,2,' 4,0 ',1634),(831,8,' 5,0 ',1635),(167,6,' -   ',1636),(756,1,' 4,0 ',1637),(478,5,' 1,0 ',1638),(221,5,' 3,0 ',1639),(843,3,' 2,0 ',1640),(956,7,' 3,0 ',1641),(771,1,' 1,0 ',1642),(259,2,' 1,0 ',1643),(12,4,' 1,0 ',1644),(12,2,' 1,0 ',1645),(30,5,' 5,0 ',1646),(873,1,' 3,0 ',1647),(376,7,' 1,0 ',1648),(746,5,' 2,0 ',1649),(51,3,' 4,0 ',1650),(384,1,' 2,0 ',1651),(431,2,' 4,0 ',1652),(111,7,' 5,0 ',1653),(387,5,' -   ',1654),(878,1,' 1,0 ',1655),(196,8,' -   ',1656),(720,4,' 3,0 ',1657),(647,2,' 2,0 ',1658),(489,4,' 1,0 ',1659),(379,5,' 4,0 ',1660),(721,5,' -   ',1661),(1040,7,' 4,0 ',1662),(27,6,' 1,0 ',1663),(274,2,' 5,0 ',1664),(474,3,' 3,0 ',1665),(46,4,' 5,0 ',1666),(673,5,' 3,0 ',1667),(701,2,' 4,0 ',1668),(303,3,' 5,0 ',1669),(123,2,' 5,0 ',1670),(260,6,' 3,0 ',1671),(478,4,' 4,0 ',1672),(288,4,' 3,0 ',1673),(277,6,' -   ',1674),(837,1,' 5,0 ',1675),(5,1,' 2,0 ',1676),(886,6,' 1,0 ',1677),(1011,4,' 1,0 ',1678),(1019,1,' -   ',1679),(304,4,' 1,0 ',1680),(787,6,' 5,0 ',1681),(96,1,' 2,0 ',1682),(906,1,' 3,0 ',1683),(645,6,' 3,0 ',1684),(517,5,' 2,0 ',1685),(120,2,' 2,0 ',1686),(1039,5,' -   ',1687),(719,4,' 1,0 ',1688),(544,4,' 3,0 ',1689),(371,5,' 1,0 ',1690),(563,6,' 3,0 ',1691),(600,4,' 2,0 ',1692),(275,2,' 1,0 ',1693),(83,6,' 4,0 ',1694),(267,8,' 1,0 ',1695),(462,4,' -   ',1696),(759,6,' -   ',1697),(565,5,' 1,0 ',1698),(57,3,' 4,0 ',1699),(932,5,' 3,0 ',1700),(942,1,' 4,0 ',1701),(446,7,' -   ',1702),(199,3,' 2,0 ',1703),(1050,6,' 4,0 ',1704),(803,5,' 5,0 ',1705),(254,8,' 1,0 ',1706),(625,4,' 3,0 ',1707),(628,8,' 5,0 ',1708),(370,6,' 5,0 ',1709),(53,6,' 3,0 ',1710),(763,2,' 3,0 ',1711),(538,3,' 3,0 ',1712),(293,8,' 3,0 ',1713),(377,5,' -   ',1714),(32,7,' 5,0 ',1715),(934,5,' 2,0 ',1716),(633,4,' 1,0 ',1717),(543,8,' 2,0 ',1718),(40,3,' 2,0 ',1719),(358,8,' 3,0 ',1720),(1009,7,' 2,0 ',1721),(474,2,' -   ',1722),(875,4,' 3,0 ',1723),(461,2,' 5,0 ',1724),(32,6,' -   ',1725),(1042,7,' -   ',1726),(90,4,' 3,0 ',1727),(639,5,' 1,0 ',1728),(487,5,' 3,0 ',1729),(1016,2,' 3,0 ',1730),(523,4,' -   ',1731),(649,3,' 3,0 ',1732),(1015,1,' -   ',1733),(1003,4,' 4,0 ',1734),(223,7,' 1,0 ',1735),(287,6,' -   ',1736),(423,8,' 2,0 ',1737),(169,5,' 4,0 ',1738),(674,1,' 3,0 ',1739),(143,4,' 1,0 ',1740),(905,2,' 3,0 ',1741),(515,2,' 3,0 ',1742),(547,5,' 5,0 ',1743),(76,1,' 2,0 ',1744),(279,7,' -   ',1745),(222,3,' -   ',1746),(651,8,' 1,0 ',1747),(226,4,' 5,0 ',1748),(856,8,' -   ',1749),(116,4,' 4,0 ',1750),(899,1,' 5,0 ',1751),(187,6,' 3,0 ',1752),(860,2,' -   ',1753),(163,8,' 2,0 ',1754),(1010,1,' 3,0 ',1755),(244,3,' 2,0 ',1756),(356,8,' 1,0 ',1757),(907,6,' 3,0 ',1758),(571,4,' 5,0 ',1759),(212,1,' -   ',1760),(845,8,' 3,0 ',1761),(159,2,' 1,0 ',1762),(960,6,' 1,0 ',1763),(968,2,' 1,0 ',1764),(337,1,' 4,0 ',1765),(406,4,' 5,0 ',1766),(495,8,' 2,0 ',1767),(508,7,' 4,0 ',1768),(163,5,' 2,0 ',1769),(100,3,' 2,0 ',1770),(9,1,' 2,0 ',1771),(441,4,' 5,0 ',1772),(188,5,' -   ',1773),(426,6,' 1,0 ',1774),(301,3,' 4,0 ',1775),(158,7,' 5,0 ',1776),(106,6,' 3,0 ',1777),(473,2,' -   ',1778),(897,5,' 4,0 ',1779),(527,8,' 4,0 ',1780),(1000,6,' 2,0 ',1781),(375,8,' 2,0 ',1782),(336,7,' 5,0 ',1783),(907,4,' 2,0 ',1784),(853,8,' -   ',1785),(521,1,' 2,0 ',1786),(974,2,' 2,0 ',1787),(517,8,' 4,0 ',1788),(832,3,' -   ',1789),(303,5,' 4,0 ',1790),(318,3,' 3,0 ',1791),(820,6,' 4,0 ',1792),(694,5,' 3,0 ',1793),(64,8,' 3,0 ',1794),(297,7,' 4,0 ',1795),(855,8,' 5,0 ',1796),(984,3,' 4,0 ',1797),(103,7,' 5,0 ',1798),(218,6,' 1,0 ',1799),(527,1,' 3,0 ',1800),(611,6,' 4,0 ',1801),(754,1,' 1,0 ',1802),(884,7,' 4,0 ',1803),(472,5,' 2,0 ',1804),(877,1,' 1,0 ',1805),(325,5,' 4,0 ',1806),(902,5,' -   ',1807),(849,3,' 2,0 ',1808),(344,7,' 4,0 ',1809),(821,6,' 1,0 ',1810),(422,6,' 3,0 ',1811),(421,8,' 3,0 ',1812),(241,7,' 2,0 ',1813),(986,6,' 3,0 ',1814),(192,7,' -   ',1815),(789,8,' 4,0 ',1816),(219,7,' 2,0 ',1817),(338,8,' 4,0 ',1818),(362,5,' 2,0 ',1819),(730,1,' -   ',1820),(1038,5,' 3,0 ',1821),(11,8,' 5,0 ',1822),(962,1,' 3,0 ',1823),(97,8,' -   ',1824),(602,1,' 2,0 ',1825),(957,2,' 4,0 ',1826),(154,6,' 1,0 ',1827),(944,4,' 2,0 ',1828),(639,3,' -   ',1829),(860,4,' 3,0 ',1830),(179,4,' 2,0 ',1831),(672,1,' 4,0 ',1832),(801,4,' 4,0 ',1833),(622,2,' -   ',1834),(411,2,' 1,0 ',1835),(246,7,' 1,0 ',1836),(495,1,' 3,0 ',1837),(47,2,' 2,0 ',1838),(252,4,' 5,0 ',1839),(477,1,' 2,0 ',1840),(599,2,' 5,0 ',1841),(576,7,' 4,0 ',1842),(429,1,' 3,0 ',1843),(470,4,' 1,0 ',1844),(217,6,' 3,0 ',1845),(669,4,' 1,0 ',1846),(1020,3,' 2,0 ',1847),(137,2,' 5,0 ',1848),(786,6,' 3,0 ',1849),(267,1,' -   ',1850),(53,7,' 3,0 ',1851),(145,4,' -   ',1852),(61,5,' -   ',1853),(706,1,' 5,0 ',1854),(645,7,' 3,0 ',1855),(184,2,' 3,0 ',1856),(1012,3,' -   ',1857),(126,4,' 1,0 ',1858),(288,3,' 3,0 ',1859),(626,4,' -   ',1860),(894,7,' 5,0 ',1861),(420,8,' 2,0 ',1862),(628,5,' 3,0 ',1863),(511,7,' -   ',1864),(545,4,' 1,0 ',1865),(821,7,' 2,0 ',1866),(585,2,' 5,0 ',1867),(652,4,' 5,0 ',1868),(937,2,' 5,0 ',1869),(618,1,' 5,0 ',1870),(848,8,' 4,0 ',1871),(631,4,' 2,0 ',1872),(936,3,' -   ',1873),(415,5,' 3,0 ',1874),(338,5,' -   ',1875),(156,7,' 5,0 ',1876),(227,7,' 2,0 ',1877),(530,8,' 4,0 ',1878),(202,2,' 1,0 ',1879),(1001,7,' 1,0 ',1880),(616,2,' 5,0 ',1881),(314,6,' 5,0 ',1882),(929,5,' -   ',1883),(790,6,' 4,0 ',1884),(493,1,' -   ',1885),(73,2,' 3,0 ',1886),(341,5,' 2,0 ',1887),(170,2,' 5,0 ',1888),(233,4,' 5,0 ',1889),(185,7,' 1,0 ',1890),(774,2,' 5,0 ',1891),(719,2,' 2,0 ',1892),(780,2,' 1,0 ',1893),(1005,1,' 2,0 ',1894),(927,2,' 3,0 ',1895),(541,2,' 4,0 ',1896),(742,6,' 3,0 ',1897),(649,1,' 2,0 ',1898),(485,4,' 5,0 ',1899),(179,6,' 1,0 ',1900),(580,2,' -   ',1901),(442,6,' -   ',1902),(25,5,' 3,0 ',1903),(491,4,' 1,0 ',1904),(79,1,' 1,0 ',1905),(812,4,' 2,0 ',1906),(27,5,' 2,0 ',1907),(490,4,' -   ',1908),(1047,8,' 1,0 ',1909),(440,4,' 5,0 ',1910),(934,1,' -   ',1911),(122,1,' -   ',1912),(979,6,' 5,0 ',1913),(655,1,' -   ',1914),(765,3,' 3,0 ',1915),(675,3,' 2,0 ',1916),(827,1,' -   ',1917),(969,7,' 4,0 ',1918),(190,4,' 2,0 ',1919),(303,1,' -   ',1920),(15,6,' 2,0 ',1921),(581,8,' 5,0 ',1922),(727,7,' -   ',1923),(819,5,' 3,0 ',1924),(55,1,' 4,0 ',1925),(915,7,' 2,0 ',1926),(382,7,' 4,0 ',1927),(458,4,' 1,0 ',1928),(594,7,' 4,0 ',1929),(977,1,' 4,0 ',1930),(180,5,' 4,0 ',1931),(469,6,' 3,0 ',1932),(347,4,' 2,0 ',1933),(467,4,' 2,0 ',1934),(547,8,' 3,0 ',1935),(99,5,' 5,0 ',1936),(285,3,' 4,0 ',1937),(579,7,' 3,0 ',1938),(301,2,' 3,0 ',1939),(856,7,' 5,0 ',1940),(1009,8,' 4,0 ',1941),(965,3,' 5,0 ',1942),(983,1,' 4,0 ',1943),(551,7,' 2,0 ',1944),(342,3,' 4,0 ',1945),(879,8,' 4,0 ',1946),(351,6,' 2,0 ',1947),(562,2,' -   ',1948),(871,4,' -   ',1949),(596,2,' -   ',1950),(496,1,' 5,0 ',1951),(360,1,' 4,0 ',1952),(1006,3,' 5,0 ',1953),(138,6,' 5,0 ',1954),(364,7,' -   ',1955),(119,1,' 2,0 ',1956),(747,6,' 4,0 ',1957),(386,7,' 4,0 ',1958),(463,3,' 1,0 ',1959),(356,4,' 1,0 ',1960),(113,1,' 2,0 ',1961),(366,5,' 2,0 ',1962),(647,8,' 3,0 ',1963),(267,2,' 1,0 ',1964),(551,8,' 4,0 ',1965),(83,7,' 3,0 ',1966),(391,4,' 4,0 ',1967),(264,8,' 5,0 ',1968),(201,1,' 4,0 ',1969),(216,4,' 4,0 ',1970),(249,6,' 3,0 ',1971),(207,5,' 3,0 ',1972),(38,8,' -   ',1973),(385,3,' 4,0 ',1974),(726,7,' 4,0 ',1975),(154,8,' 1,0 ',1976),(410,3,' -   ',1977),(799,5,' 5,0 ',1978),(961,1,' 1,0 ',1979),(618,2,' 4,0 ',1980),(712,4,' 5,0 ',1981),(855,1,' 5,0 ',1982),(932,2,' 1,0 ',1983),(220,4,' 4,0 ',1984),(603,1,' 1,0 ',1985),(780,7,' 4,0 ',1986),(1006,1,' 2,0 ',1987),(827,3,' 1,0 ',1988),(908,6,' 5,0 ',1989),(896,1,' 1,0 ',1990),(387,2,' 3,0 ',1991),(1005,4,' 2,0 ',1992),(253,5,' 3,0 ',1993),(535,5,' 5,0 ',1994),(159,5,' -   ',1995),(33,2,' 2,0 ',1996),(317,5,' -   ',1997),(815,4,' 1,0 ',1998),(234,4,' 1,0 ',1999),(319,6,' 4,0 ',2000),(303,8,' 3,0 ',2001),(1016,3,' 4,0 ',2002),(382,3,' 1,0 ',2003),(156,5,' 4,0 ',2004),(452,7,' -   ',2005),(350,5,' 4,0 ',2006),(1022,1,' 3,0 ',2007),(662,3,' 1,0 ',2008),(887,4,' 1,0 ',2009),(917,4,' 5,0 ',2010),(536,7,' 1,0 ',2011),(585,1,' 4,0 ',2012),(586,1,' 1,0 ',2013),(1009,5,' 3,0 ',2014),(389,6,' 4,0 ',2015),(394,2,' -   ',2016),(738,2,' 4,0 ',2017),(820,4,' 4,0 ',2018),(767,3,' 1,0 ',2019),(946,6,' 3,0 ',2020),(709,7,' 4,0 ',2021),(182,6,' -   ',2022),(455,2,' -   ',2023),(262,4,' 2,0 ',2024),(955,5,' -   ',2025),(569,1,' 5,0 ',2026),(88,3,' 3,0 ',2027),(383,6,' 2,0 ',2028),(646,4,' 2,0 ',2029),(714,4,' 4,0 ',2030),(717,7,' 5,0 ',2031),(896,4,' 4,0 ',2032),(688,6,' 5,0 ',2033),(105,3,' -   ',2034),(888,6,' 2,0 ',2035),(385,8,' 5,0 ',2036),(914,4,' 2,0 ',2037),(306,7,' 3,0 ',2038),(279,1,' 2,0 ',2039),(449,2,' 1,0 ',2040),(531,2,' 5,0 ',2041),(273,7,' 1,0 ',2042),(922,2,' 3,0 ',2043),(997,6,' 2,0 ',2044),(834,8,' 4,0 ',2045),(460,5,' 2,0 ',2046),(657,4,' -   ',2047),(672,5,' 2,0 ',2048),(572,8,' 1,0 ',2049),(753,6,' -   ',2050),(215,1,' 3,0 ',2051),(207,3,' 4,0 ',2052),(684,7,' 2,0 ',2053),(957,8,' 1,0 ',2054),(1036,5,' 2,0 ',2055),(119,7,' -   ',2056),(139,6,' 5,0 ',2057),(786,3,' 1,0 ',2058),(484,8,' 2,0 ',2059),(748,6,' 2,0 ',2060),(771,7,' -   ',2061),(940,4,' 3,0 ',2062),(454,4,' 4,0 ',2063),(426,2,' -   ',2064),(762,4,' 1,0 ',2065),(617,2,' 5,0 ',2066),(892,1,' 5,0 ',2067),(487,7,' -   ',2068),(985,6,' 2,0 ',2069),(560,5,' 5,0 ',2070),(555,2,' -   ',2071),(1012,7,' 2,0 ',2072),(256,7,' 4,0 ',2073),(440,5,' -   ',2074),(501,3,' 1,0 ',2075),(171,2,' 4,0 ',2076),(417,4,' 2,0 ',2077),(373,1,' 4,0 ',2078),(10,8,' 5,0 ',2079),(541,7,' -   ',2080),(192,4,' 5,0 ',2081),(361,6,' -   ',2082),(704,3,' 4,0 ',2083),(909,6,' 4,0 ',2084),(305,5,' 1,0 ',2085),(933,3,' 5,0 ',2086),(389,8,' 5,0 ',2087),(265,5,' 2,0 ',2088),(380,5,' 4,0 ',2089),(137,7,' 2,0 ',2090),(254,4,' -   ',2091),(233,6,' 4,0 ',2092),(729,6,' 2,0 ',2093),(268,8,' 1,0 ',2094),(577,1,' 5,0 ',2095),(489,5,' 1,0 ',2096),(754,8,' -   ',2097),(642,1,' 2,0 ',2098),(124,2,' 4,0 ',2099),(438,4,' 1,0 ',2100),(275,3,' -   ',2101),(36,5,' 3,0 ',2102),(656,8,' 4,0 ',2103),(153,2,' 1,0 ',2104),(827,5,' 3,0 ',2105),(113,6,' -   ',2106),(400,2,' 4,0 ',2107),(713,4,' 3,0 ',2108),(413,3,' -   ',2109),(235,7,' 2,0 ',2110),(242,3,' 1,0 ',2111),(732,8,' 5,0 ',2112),(332,8,' 2,0 ',2113),(463,5,' -   ',2114),(332,7,' 5,0 ',2115),(1,6,' 5,0 ',2116),(853,7,' 1,0 ',2117),(963,5,' 5,0 ',2118),(1048,3,' 3,0 ',2119),(681,7,' -   ',2120),(997,2,' 5,0 ',2121),(544,7,' 4,0 ',2122),(937,3,' 3,0 ',2123),(1032,7,' 4,0 ',2124),(375,6,' -   ',2125),(685,1,' 5,0 ',2126),(264,6,' 2,0 ',2127),(540,3,' -   ',2128),(978,2,' 2,0 ',2129),(37,3,' 5,0 ',2130),(205,6,' -   ',2131),(697,2,' -   ',2132),(167,7,' -   ',2133),(1010,5,' -   ',2134),(754,5,' 1,0 ',2135),(376,8,' 5,0 ',2136),(325,4,' 1,0 ',2137),(525,2,' 4,0 ',2138),(140,6,' 4,0 ',2139),(929,2,' 3,0 ',2140),(597,5,' 2,0 ',2141),(398,1,' 3,0 ',2142),(549,5,' 4,0 ',2143),(400,6,' 2,0 ',2144),(681,2,' 3,0 ',2145),(250,6,' 2,0 ',2146),(343,2,' 2,0 ',2147),(662,6,' 2,0 ',2148),(837,4,' 1,0 ',2149),(495,5,' -   ',2150),(980,2,' 3,0 ',2151),(421,3,' -   ',2152),(469,5,' 3,0 ',2153),(131,6,' -   ',2154),(760,7,' -   ',2155),(435,4,' 1,0 ',2156),(860,7,' 2,0 ',2157),(35,6,' 1,0 ',2158),(218,5,' 5,0 ',2159),(64,4,' -   ',2160),(542,2,' 3,0 ',2161),(624,3,' 5,0 ',2162),(157,6,' 1,0 ',2163),(603,2,' -   ',2164),(132,1,' 3,0 ',2165),(158,4,' 1,0 ',2166),(152,3,' 2,0 ',2167),(438,8,' 3,0 ',2168),(243,3,' 5,0 ',2169),(952,1,' -   ',2170),(1044,7,' 1,0 ',2171),(587,6,' 1,0 ',2172),(287,1,' 1,0 ',2173),(66,5,' 5,0 ',2174),(522,5,' -   ',2175),(874,6,' 3,0 ',2176),(79,8,' 3,0 ',2177),(853,5,' 3,0 ',2178),(493,2,' 2,0 ',2179),(689,2,' 2,0 ',2180),(409,8,' 1,0 ',2181),(834,2,' -   ',2182),(643,6,' 1,0 ',2183),(5,2,' 4,0 ',2184),(463,7,' 5,0 ',2185),(224,8,' 3,0 ',2186),(684,1,' 5,0 ',2187),(81,8,' 4,0 ',2188),(76,7,' -   ',2189),(52,5,' 3,0 ',2190),(326,1,' -   ',2191),(750,5,' 2,0 ',2192),(441,6,' 1,0 ',2193),(800,4,' 5,0 ',2194),(340,2,' 5,0 ',2195),(65,5,' 5,0 ',2196),(951,6,' 1,0 ',2197),(96,3,' 5,0 ',2198),(943,4,' 2,0 ',2199),(931,6,' 3,0 ',2200),(633,3,' 3,0 ',2201),(360,3,' 3,0 ',2202),(1034,3,' 1,0 ',2203),(727,1,' 2,0 ',2204),(49,2,' 4,0 ',2205),(1034,7,' 5,0 ',2206),(392,4,' 4,0 ',2207),(331,6,' 1,0 ',2208),(924,6,' 1,0 ',2209),(21,8,' -   ',2210),(157,8,' 1,0 ',2211),(49,7,' 2,0 ',2212),(819,7,' 1,0 ',2213),(936,6,' 3,0 ',2214),(373,3,' 1,0 ',2215),(273,8,' 4,0 ',2216),(913,3,' 1,0 ',2217),(472,4,' 5,0 ',2218),(916,3,' 2,0 ',2219),(314,8,' 5,0 ',2220),(774,4,' 3,0 ',2221),(379,4,' -   ',2222),(249,1,' 3,0 ',2223),(307,6,' 1,0 ',2224),(979,5,' 1,0 ',2225),(339,1,' 3,0 ',2226),(657,3,' 3,0 ',2227),(615,1,' 3,0 ',2228),(640,8,' 3,0 ',2229),(809,1,' 1,0 ',2230),(493,5,' 3,0 ',2231),(202,3,' 4,0 ',2232),(645,5,' 3,0 ',2233),(543,6,' 1,0 ',2234),(526,1,' -   ',2235),(594,6,' 1,0 ',2236),(63,1,' 3,0 ',2237),(332,4,' 1,0 ',2238),(975,2,' -   ',2239),(285,7,' 5,0 ',2240),(711,1,' -   ',2241),(100,1,' 4,0 ',2242),(497,6,' 4,0 ',2243),(319,4,' 5,0 ',2244),(539,8,' 5,0 ',2245),(781,4,' 2,0 ',2246),(731,8,' 1,0 ',2247),(559,5,' 4,0 ',2248),(36,8,' 3,0 ',2249),(792,2,' 5,0 ',2250),(801,2,' -   ',2251),(964,1,' -   ',2252),(8,1,' 3,0 ',2253),(821,5,' 3,0 ',2254),(958,5,' 2,0 ',2255),(640,2,' 1,0 ',2256),(694,4,' 4,0 ',2257),(434,5,' -   ',2258),(257,6,' 5,0 ',2259),(982,2,' 4,0 ',2260),(334,6,' 2,0 ',2261),(45,7,' 1,0 ',2262),(193,8,' 3,0 ',2263),(507,5,' 5,0 ',2264),(216,3,' 1,0 ',2265),(637,7,' 4,0 ',2266),(946,5,' 2,0 ',2267),(871,5,' -   ',2268),(545,7,' 4,0 ',2269),(604,4,' 2,0 ',2270),(961,8,' 5,0 ',2271),(683,2,' -   ',2272),(619,6,' 1,0 ',2273),(550,6,' 5,0 ',2274),(839,4,' 5,0 ',2275),(921,1,' 4,0 ',2276),(137,6,' -   ',2277),(871,8,' 4,0 ',2278),(563,2,' 2,0 ',2279),(967,3,' -   ',2280),(704,1,' 3,0 ',2281),(442,8,' 2,0 ',2282),(970,3,' 3,0 ',2283),(50,2,' 2,0 ',2284),(607,5,' 1,0 ',2285),(996,1,' 4,0 ',2286),(242,2,' 3,0 ',2287),(61,4,' 5,0 ',2288),(807,3,' 3,0 ',2289),(1022,7,' 2,0 ',2290),(144,4,' 4,0 ',2291),(739,7,' 4,0 ',2292),(376,5,' -   ',2293),(856,5,' 1,0 ',2294),(361,1,' 5,0 ',2295),(533,2,' 5,0 ',2296),(477,2,' 4,0 ',2297),(843,8,' 5,0 ',2298),(385,1,' 3,0 ',2299),(34,2,' 5,0 ',2300),(126,1,' 5,0 ',2301),(727,2,' 1,0 ',2302),(810,7,' 3,0 ',2303),(656,3,' -   ',2304),(890,7,' 1,0 ',2305),(201,8,' 2,0 ',2306),(471,7,' 3,0 ',2307),(655,5,' 1,0 ',2308),(505,7,' 4,0 ',2309),(532,4,' -   ',2310),(710,7,' 2,0 ',2311),(317,3,' 1,0 ',2312),(1020,6,' 2,0 ',2313),(635,1,' 2,0 ',2314),(466,7,' 1,0 ',2315),(234,8,' 3,0 ',2316),(864,8,' 1,0 ',2317),(1036,3,' 1,0 ',2318),(999,4,' 3,0 ',2319),(1001,1,' 2,0 ',2320),(14,3,' 3,0 ',2321),(822,1,' 4,0 ',2322),(389,5,' 2,0 ',2323),(888,1,' 4,0 ',2324),(519,6,' 2,0 ',2325),(216,7,' 4,0 ',2326),(509,2,' 1,0 ',2327),(531,5,' 2,0 ',2328),(810,5,' 5,0 ',2329),(622,5,' 1,0 ',2330),(235,5,' 3,0 ',2331),(238,5,' 2,0 ',2332),(702,3,' 4,0 ',2333),(191,6,' -   ',2334),(995,6,' 3,0 ',2335),(683,7,' -   ',2336),(258,5,' -   ',2337),(687,5,' -   ',2338),(328,6,' 3,0 ',2339),(934,7,' 1,0 ',2340),(805,5,' 1,0 ',2341),(313,6,' 5,0 ',2342),(417,3,' 2,0 ',2343),(659,8,' 5,0 ',2344),(846,6,' 1,0 ',2345),(769,1,' 2,0 ',2346),(394,5,' -   ',2347),(570,3,' -   ',2348),(778,5,' 1,0 ',2349),(525,6,' 4,0 ',2350),(649,7,' -   ',2351),(719,6,' 3,0 ',2352),(938,8,' 3,0 ',2353),(455,5,' -   ',2354),(991,6,' 3,0 ',2355),(850,6,' -   ',2356),(864,1,' 1,0 ',2357),(524,8,' 5,0 ',2358),(183,5,' -   ',2359),(1016,6,' 3,0 ',2360),(406,1,' 3,0 ',2361),(762,6,' -   ',2362),(628,1,' -   ',2363),(1023,5,' 1,0 ',2364),(915,5,' 1,0 ',2365),(291,8,' 3,0 ',2366),(1003,1,' 3,0 ',2367),(119,5,' 2,0 ',2368),(922,6,' 5,0 ',2369),(223,4,' 3,0 ',2370),(599,4,' 5,0 ',2371),(777,2,' 4,0 ',2372),(823,8,' 3,0 ',2373),(633,1,' -   ',2374),(487,2,' 4,0 ',2375),(481,4,' -   ',2376),(901,7,' 4,0 ',2377),(22,3,' 3,0 ',2378),(187,7,' 2,0 ',2379),(217,3,' 2,0 ',2380),(567,8,' 2,0 ',2381),(948,1,' 2,0 ',2382),(618,8,' 5,0 ',2383),(766,5,' 1,0 ',2384),(56,6,' 1,0 ',2385),(807,2,' -   ',2386),(889,6,' 1,0 ',2387),(542,5,' 5,0 ',2388),(640,6,' 3,0 ',2389),(1027,4,' 3,0 ',2390),(79,6,' -   ',2391),(974,5,' 3,0 ',2392),(708,3,' 3,0 ',2393),(162,4,' 4,0 ',2394),(881,7,' -   ',2395),(846,1,' 3,0 ',2396),(6,8,' 5,0 ',2397),(797,6,' 5,0 ',2398),(191,8,' 3,0 ',2399),(13,2,' 4,0 ',2400),(877,7,' 3,0 ',2401),(391,8,' 5,0 ',2402),(696,3,' -   ',2403),(508,5,' 4,0 ',2404),(971,6,' 4,0 ',2405),(199,2,' 5,0 ',2406),(1018,5,' -   ',2407),(432,5,' 1,0 ',2408),(962,3,' -   ',2409),(414,5,' 1,0 ',2410),(553,8,' 2,0 ',2411),(718,8,' 5,0 ',2412),(1026,2,' 3,0 ',2413),(869,1,' 1,0 ',2414),(322,3,' 2,0 ',2415),(705,2,' 2,0 ',2416),(903,8,' 2,0 ',2417),(956,2,' 4,0 ',2418),(87,5,' -   ',2419),(464,3,' 4,0 ',2420),(600,3,' 2,0 ',2421),(739,8,' -   ',2422),(136,1,' 3,0 ',2423),(430,5,' -   ',2424),(736,1,' 2,0 ',2425),(485,8,' 5,0 ',2426),(454,1,' 5,0 ',2427),(136,7,' 5,0 ',2428),(497,2,' 5,0 ',2429),(600,7,' 4,0 ',2430),(930,6,' 3,0 ',2431),(208,8,' 4,0 ',2432),(873,8,' 5,0 ',2433),(442,4,' 1,0 ',2434),(443,7,' -   ',2435),(306,2,' 5,0 ',2436),(774,8,' 2,0 ',2437),(794,3,' -   ',2438),(588,7,' 4,0 ',2439),(904,6,' 3,0 ',2440),(2,1,' 1,0 ',2441),(551,1,' 3,0 ',2442),(817,6,' 3,0 ',2443),(992,1,' 3,0 ',2444),(231,8,' 2,0 ',2445),(94,2,' -   ',2446),(381,7,' 2,0 ',2447),(548,1,' 2,0 ',2448),(471,3,' 3,0 ',2449),(670,2,' 4,0 ',2450),(519,1,' 2,0 ',2451),(979,4,' 5,0 ',2452),(632,2,' 5,0 ',2453),(955,2,' 3,0 ',2454),(367,5,' -   ',2455),(481,2,' 5,0 ',2456),(414,2,' 3,0 ',2457),(1038,2,' 2,0 ',2458),(114,2,' 5,0 ',2459),(21,5,' 4,0 ',2460),(284,1,' 1,0 ',2461),(518,2,' -   ',2462),(573,6,' -   ',2463),(93,5,' 3,0 ',2464),(493,8,' 1,0 ',2465),(182,7,' 1,0 ',2466),(17,7,' -   ',2467),(456,4,' 3,0 ',2468),(117,7,' 5,0 ',2469),(151,8,' 1,0 ',2470),(67,7,' 2,0 ',2471),(81,5,' 2,0 ',2472),(335,4,' 3,0 ',2473),(419,2,' 2,0 ',2474),(988,7,' 4,0 ',2475),(480,2,' 1,0 ',2476),(172,2,' 2,0 ',2477),(522,8,' 2,0 ',2478),(535,6,' 4,0 ',2479),(941,2,' 3,0 ',2480),(700,2,' 5,0 ',2481),(798,8,' 2,0 ',2482),(246,3,' 3,0 ',2483),(757,6,' -   ',2484),(994,8,' 3,0 ',2485),(989,3,' 5,0 ',2486),(393,4,' 4,0 ',2487),(31,6,' -   ',2488),(162,5,' -   ',2489),(479,1,' -   ',2490),(317,4,' 1,0 ',2491),(963,7,' -   ',2492),(8,8,' 1,0 ',2493),(280,6,' -   ',2494),(265,3,' 4,0 ',2495),(733,5,' -   ',2496),(250,8,' -   ',2497),(341,2,' 4,0 ',2498),(667,8,' 5,0 ',2499),(281,5,' -   ',2500),(1007,2,' 5,0 ',2501),(516,4,' 1,0 ',2502),(533,3,' 5,0 ',2503),(907,2,' 5,0 ',2504),(317,1,' 4,0 ',2505),(689,4,' -   ',2506),(445,1,' 1,0 ',2507),(101,3,' 1,0 ',2508),(73,5,' -   ',2509),(644,4,' 1,0 ',2510),(405,6,' -   ',2511),(882,7,' -   ',2512),(112,2,' 2,0 ',2513),(904,8,' 4,0 ',2514),(187,1,' 4,0 ',2515),(78,1,' 3,0 ',2516),(502,1,' 5,0 ',2517),(775,2,' 1,0 ',2518),(246,8,' -   ',2519),(300,5,' 5,0 ',2520),(419,1,' 5,0 ',2521),(174,3,' 3,0 ',2522),(706,7,' -   ',2523),(700,1,' 5,0 ',2524),(511,1,' 4,0 ',2525),(805,2,' 1,0 ',2526),(630,8,' 5,0 ',2527),(105,1,' 4,0 ',2528),(618,5,' 2,0 ',2529),(739,2,' 1,0 ',2530),(807,7,' 4,0 ',2531),(891,8,' 3,0 ',2532),(234,7,' 2,0 ',2533),(332,2,' -   ',2534),(368,7,' 3,0 ',2535),(191,3,' 2,0 ',2536),(646,7,' 1,0 ',2537),(848,3,' -   ',2538),(638,4,' 3,0 ',2539),(273,6,' 5,0 ',2540),(315,6,' -   ',2541),(211,2,' 4,0 ',2542),(777,5,' 5,0 ',2543),(509,4,' 5,0 ',2544),(409,3,' 3,0 ',2545),(385,7,' 2,0 ',2546),(376,1,' 2,0 ',2547),(848,4,' 1,0 ',2548),(220,5,' 1,0 ',2549),(634,3,' 2,0 ',2550),(1039,2,' -   ',2551),(816,7,' -   ',2552),(936,8,' 2,0 ',2553),(114,3,' -   ',2554),(490,6,' -   ',2555),(334,2,' 1,0 ',2556),(387,1,' 5,0 ',2557),(141,4,' 1,0 ',2558),(803,6,' 1,0 ',2559),(4,1,' -   ',2560),(71,1,' 4,0 ',2561),(470,6,' 3,0 ',2562),(961,5,' 1,0 ',2563),(96,8,' 3,0 ',2564),(862,6,' 5,0 ',2565),(381,6,' 5,0 ',2566),(291,1,' 5,0 ',2567),(11,1,' 5,0 ',2568),(471,6,' 1,0 ',2569),(619,7,' 1,0 ',2570),(37,1,' 4,0 ',2571),(839,6,' 1,0 ',2572),(305,2,' 3,0 ',2573),(878,2,' 3,0 ',2574),(802,7,' 3,0 ',2575),(372,3,' 3,0 ',2576),(458,8,' 5,0 ',2577),(1013,6,' 5,0 ',2578),(444,7,' 2,0 ',2579),(125,8,' 5,0 ',2580),(679,7,' 3,0 ',2581),(1032,8,' -   ',2582),(236,6,' 2,0 ',2583);
/*!40000 ALTER TABLE `notas` ENABLE KEYS */;
UNLOCK TABLES;

--
-- Temporary view structure for view `notas_altas`
--

DROP TABLE IF EXISTS `notas_altas`;
/*!50001 DROP VIEW IF EXISTS `notas_altas`*/;
SET @saved_cs_client     = @@character_set_client;
/*!50503 SET character_set_client = utf8mb4 */;
/*!50001 CREATE VIEW `notas_altas` AS SELECT 
 1 AS `Nota1`*/;
SET character_set_client = @saved_cs_client;

--
-- Temporary view structure for view `notas_bajas`
--

DROP TABLE IF EXISTS `notas_bajas`;
/*!50001 DROP VIEW IF EXISTS `notas_bajas`*/;
SET @saved_cs_client     = @@character_set_client;
/*!50503 SET character_set_client = utf8mb4 */;
/*!50001 CREATE VIEW `notas_bajas` AS SELECT 
 1 AS `Nota1`*/;
SET character_set_client = @saved_cs_client;

--
-- Table structure for table `pais`
--

DROP TABLE IF EXISTS `pais`;
/*!40101 SET @saved_cs_client     = @@character_set_client */;
/*!50503 SET character_set_client = utf8mb4 */;
CREATE TABLE `pais` (
  `cod_pai` int NOT NULL,
  `nombre_pais` text,
  PRIMARY KEY (`cod_pai`)
) ENGINE=InnoDB DEFAULT CHARSET=utf8mb4 COLLATE=utf8mb4_0900_ai_ci;
/*!40101 SET character_set_client = @saved_cs_client */;

--
-- Dumping data for table `pais`
--

LOCK TABLES `pais` WRITE;
/*!40000 ALTER TABLE `pais` DISABLE KEYS */;
INSERT INTO `pais` VALUES (1,'Colombia'),(2,'Ecuador'),(3,'Peru'),(4,'chile');
/*!40000 ALTER TABLE `pais` ENABLE KEYS */;
UNLOCK TABLES;

--
-- Table structure for table `tbl estudiantes`
--

DROP TABLE IF EXISTS `tbl estudiantes`;
/*!40101 SET @saved_cs_client     = @@character_set_client */;
/*!50503 SET character_set_client = utf8mb4 */;
CREATE TABLE `tbl estudiantes` (
  `Codigo_est` int NOT NULL,
  `Nombre_Estudiante` text,
  `cod_genero` int DEFAULT NULL,
  `cod_ciudad` int DEFAULT NULL,
  PRIMARY KEY (`Codigo_est`)
) ENGINE=InnoDB DEFAULT CHARSET=utf8mb4 COLLATE=utf8mb4_0900_ai_ci;
/*!40101 SET character_set_client = @saved_cs_client */;

--
-- Dumping data for table `tbl estudiantes`
--

LOCK TABLES `tbl estudiantes` WRITE;
/*!40000 ALTER TABLE `tbl estudiantes` DISABLE KEYS */;
INSERT INTO `tbl estudiantes` VALUES (1,'Alumno 1',2,1),(2,'Alumno 2',2,3),(3,'Alumno 3',1,1),(4,'Alumno 4',2,4),(5,'Alumno 5',1,2),(6,'Alumno 6',2,3),(7,'Alumno 7',1,2),(8,'Alumno 8',2,1),(9,'Alumno 9',2,3),(10,'Alumno 10',2,2),(11,'Alumno 11',1,3),(12,'Alumno 12',1,3),(13,'Alumno 13',2,3),(14,'Alumno 14',1,2),(15,'Alumno 15',1,1),(16,'Alumno 16',2,2),(17,'Alumno 17',1,3),(18,'Alumno 18',2,2),(19,'Alumno 19',1,4),(20,'Alumno 20',2,4),(21,'Alumno 21',1,1),(22,'Alumno 22',1,4),(23,'Alumno 23',2,4),(24,'Alumno 24',2,1),(25,'Alumno 25',1,3),(26,'Alumno 26',1,1),(27,'Alumno 27',1,4),(28,'Alumno 28',2,4),(29,'Alumno 29',2,1),(30,'Alumno 30',1,2),(31,'Alumno 31',2,1),(32,'Alumno 32',2,4),(33,'Alumno 33',1,3),(34,'Alumno 34',1,2),(35,'Alumno 35',1,1),(36,'Alumno 36',1,3),(37,'Alumno 37',1,4),(38,'Alumno 38',2,3),(39,'Alumno 39',1,4),(40,'Alumno 40',1,3),(41,'Alumno 41',1,3),(42,'Alumno 42',2,4),(43,'Alumno 43',1,4),(44,'Alumno 44',1,3),(45,'Alumno 45',2,1),(46,'Alumno 46',1,1),(47,'Alumno 47',1,1),(48,'Alumno 48',1,3),(49,'Alumno 49',2,4),(50,'Alumno 50',2,2),(51,'Alumno 51',1,2),(52,'Alumno 52',1,2),(53,'Alumno 53',1,3),(54,'Alumno 54',1,3),(55,'Alumno 55',2,3),(56,'Alumno 56',1,1),(57,'Alumno 57',1,3),(58,'Alumno 58',2,3),(59,'Alumno 59',2,4),(60,'Alumno 60',1,4),(61,'Alumno 61',2,3),(62,'Alumno 62',1,2),(63,'Alumno 63',2,1),(64,'Alumno 64',1,4),(65,'Alumno 65',1,3),(66,'Alumno 66',1,3),(67,'Alumno 67',2,3),(68,'Alumno 68',2,1),(69,'Alumno 69',1,2),(70,'Alumno 70',2,2),(71,'Alumno 71',2,2),(72,'Alumno 72',1,3),(73,'Alumno 73',1,3),(74,'Alumno 74',2,2),(75,'Alumno 75',1,4),(76,'Alumno 76',1,2),(77,'Alumno 77',1,1),(78,'Alumno 78',2,4),(79,'Alumno 79',2,3),(80,'Alumno 80',2,1),(81,'Alumno 81',2,2),(82,'Alumno 82',1,3),(83,'Alumno 83',1,2),(84,'Alumno 84',1,3),(85,'Alumno 85',1,4),(86,'Alumno 86',2,3),(87,'Alumno 87',2,4),(88,'Alumno 88',2,2),(89,'Alumno 89',2,1),(90,'Alumno 90',1,4),(91,'Alumno 91',1,4),(92,'Alumno 92',2,3),(93,'Alumno 93',2,1),(94,'Alumno 94',2,4),(95,'Alumno 95',1,4),(96,'Alumno 96',1,2),(97,'Alumno 97',1,4),(98,'Alumno 98',1,3),(99,'Alumno 99',2,2),(100,'Alumno 100',2,4),(101,'Alumno 101',1,2),(102,'Alumno 102',2,2),(103,'Alumno 103',2,1),(104,'Alumno 104',2,2),(105,'Alumno 105',1,3),(106,'Alumno 106',2,3),(107,'Alumno 107',1,3),(108,'Alumno 108',1,1),(109,'Alumno 109',1,3),(110,'Alumno 110',1,2),(111,'Alumno 111',1,2),(112,'Alumno 112',1,1),(113,'Alumno 113',2,2),(114,'Alumno 114',2,1),(115,'Alumno 115',2,4),(116,'Alumno 116',2,2),(117,'Alumno 117',1,2),(118,'Alumno 118',2,3),(119,'Alumno 119',1,3),(120,'Alumno 120',1,4),(121,'Alumno 121',2,4),(122,'Alumno 122',1,3),(123,'Alumno 123',1,4),(124,'Alumno 124',2,2),(125,'Alumno 125',1,2),(126,'Alumno 126',2,1),(127,'Alumno 127',1,2),(128,'Alumno 128',2,3),(129,'Alumno 129',2,4),(130,'Alumno 130',1,3),(131,'Alumno 131',2,4),(132,'Alumno 132',1,1),(133,'Alumno 133',1,1),(134,'Alumno 134',1,1),(135,'Alumno 135',2,1),(136,'Alumno 136',2,2),(137,'Alumno 137',2,2),(138,'Alumno 138',1,4),(139,'Alumno 139',2,3),(140,'Alumno 140',2,2),(141,'Alumno 141',2,4),(142,'Alumno 142',1,4),(143,'Alumno 143',2,1),(144,'Alumno 144',2,4),(145,'Alumno 145',1,3),(146,'Alumno 146',2,3),(147,'Alumno 147',2,4),(148,'Alumno 148',1,2),(149,'Alumno 149',2,3),(150,'Alumno 150',2,4),(151,'Alumno 151',2,2),(152,'Alumno 152',2,1),(153,'Alumno 153',2,3),(154,'Alumno 154',1,3),(155,'Alumno 155',2,1),(156,'Alumno 156',2,2),(157,'Alumno 157',1,1),(158,'Alumno 158',2,3),(159,'Alumno 159',2,4),(160,'Alumno 160',2,2),(161,'Alumno 161',2,1),(162,'Alumno 162',1,3),(163,'Alumno 163',2,4),(164,'Alumno 164',1,4),(165,'Alumno 165',2,1),(166,'Alumno 166',2,2),(167,'Alumno 167',1,4),(168,'Alumno 168',1,4),(169,'Alumno 169',2,3),(170,'Alumno 170',1,3),(171,'Alumno 171',2,3),(172,'Alumno 172',1,4),(173,'Alumno 173',2,4),(174,'Alumno 174',2,2),(175,'Alumno 175',2,3),(176,'Alumno 176',1,4),(177,'Alumno 177',2,1),(178,'Alumno 178',2,1),(179,'Alumno 179',1,3),(180,'Alumno 180',2,4),(181,'Alumno 181',2,3),(182,'Alumno 182',2,4),(183,'Alumno 183',1,1),(184,'Alumno 184',1,1),(185,'Alumno 185',2,4),(186,'Alumno 186',1,2),(187,'Alumno 187',1,2),(188,'Alumno 188',2,2),(189,'Alumno 189',1,4),(190,'Alumno 190',1,3),(191,'Alumno 191',1,2),(192,'Alumno 192',2,2),(193,'Alumno 193',1,2),(194,'Alumno 194',2,2),(195,'Alumno 195',2,3),(196,'Alumno 196',2,3),(197,'Alumno 197',1,3),(198,'Alumno 198',1,3),(199,'Alumno 199',1,2),(200,'Alumno 200',1,4),(201,'Alumno 201',1,3),(202,'Alumno 202',1,2),(203,'Alumno 203',1,1),(204,'Alumno 204',2,1),(205,'Alumno 205',1,3),(206,'Alumno 206',1,1),(207,'Alumno 207',1,3),(208,'Alumno 208',2,4),(209,'Alumno 209',1,3),(210,'Alumno 210',2,3),(211,'Alumno 211',2,3),(212,'Alumno 212',1,1),(213,'Alumno 213',2,2),(214,'Alumno 214',1,2),(215,'Alumno 215',2,2),(216,'Alumno 216',2,2),(217,'Alumno 217',2,4),(218,'Alumno 218',1,4),(219,'Alumno 219',1,4),(220,'Alumno 220',2,3),(221,'Alumno 221',2,3),(222,'Alumno 222',2,3),(223,'Alumno 223',1,4),(224,'Alumno 224',1,2),(225,'Alumno 225',1,4),(226,'Alumno 226',2,4),(227,'Alumno 227',2,4),(228,'Alumno 228',2,3),(229,'Alumno 229',1,1),(230,'Alumno 230',2,2),(231,'Alumno 231',1,3),(232,'Alumno 232',1,1),(233,'Alumno 233',2,1),(234,'Alumno 234',2,2),(235,'Alumno 235',1,4),(236,'Alumno 236',1,4),(237,'Alumno 237',2,2),(238,'Alumno 238',2,1),(239,'Alumno 239',1,4),(240,'Alumno 240',1,1),(241,'Alumno 241',1,1),(242,'Alumno 242',2,3),(243,'Alumno 243',2,4),(244,'Alumno 244',2,3),(245,'Alumno 245',1,3),(246,'Alumno 246',2,3),(247,'Alumno 247',1,4),(248,'Alumno 248',1,3),(249,'Alumno 249',2,4),(250,'Alumno 250',1,3),(251,'Alumno 251',2,4),(252,'Alumno 252',2,1),(253,'Alumno 253',1,2),(254,'Alumno 254',1,3),(255,'Alumno 255',1,1),(256,'Alumno 256',2,4),(257,'Alumno 257',2,2),(258,'Alumno 258',1,4),(259,'Alumno 259',2,1),(260,'Alumno 260',1,4),(261,'Alumno 261',1,4),(262,'Alumno 262',2,3),(263,'Alumno 263',2,4),(264,'Alumno 264',2,1),(265,'Alumno 265',2,4),(266,'Alumno 266',1,1),(267,'Alumno 267',1,2),(268,'Alumno 268',1,3),(269,'Alumno 269',2,4),(270,'Alumno 270',1,1),(271,'Alumno 271',1,4),(272,'Alumno 272',1,3),(273,'Alumno 273',2,2),(274,'Alumno 274',2,2),(275,'Alumno 275',2,3),(276,'Alumno 276',1,4),(277,'Alumno 277',2,2),(278,'Alumno 278',2,4),(279,'Alumno 279',1,2),(280,'Alumno 280',1,3),(281,'Alumno 281',2,1),(282,'Alumno 282',2,4),(283,'Alumno 283',1,2),(284,'Alumno 284',1,3),(285,'Alumno 285',1,4),(286,'Alumno 286',1,2),(287,'Alumno 287',1,3),(288,'Alumno 288',2,1),(289,'Alumno 289',1,3),(290,'Alumno 290',2,4),(291,'Alumno 291',1,2),(292,'Alumno 292',2,1),(293,'Alumno 293',1,3),(294,'Alumno 294',2,3),(295,'Alumno 295',2,1),(296,'Alumno 296',1,2),(297,'Alumno 297',2,3),(298,'Alumno 298',2,4),(299,'Alumno 299',2,3),(300,'Alumno 300',2,3),(301,'Alumno 301',2,2),(302,'Alumno 302',2,1),(303,'Alumno 303',1,1),(304,'Alumno 304',1,2),(305,'Alumno 305',1,2),(306,'Alumno 306',1,4),(307,'Alumno 307',2,2),(308,'Alumno 308',2,1),(309,'Alumno 309',2,1),(310,'Alumno 310',1,1),(311,'Alumno 311',2,2),(312,'Alumno 312',1,1),(313,'Alumno 313',1,2),(314,'Alumno 314',1,1),(315,'Alumno 315',2,2),(316,'Alumno 316',1,4),(317,'Alumno 317',1,2),(318,'Alumno 318',2,1),(319,'Alumno 319',1,3),(320,'Alumno 320',1,4),(321,'Alumno 321',1,4),(322,'Alumno 322',2,4),(323,'Alumno 323',1,3),(324,'Alumno 324',2,1),(325,'Alumno 325',1,3),(326,'Alumno 326',2,3),(327,'Alumno 327',1,3),(328,'Alumno 328',1,4),(329,'Alumno 329',1,1),(330,'Alumno 330',1,1),(331,'Alumno 331',1,1),(332,'Alumno 332',2,4),(333,'Alumno 333',2,2),(334,'Alumno 334',1,4),(335,'Alumno 335',2,3),(336,'Alumno 336',1,4),(337,'Alumno 337',2,2),(338,'Alumno 338',2,3),(339,'Alumno 339',2,4),(340,'Alumno 340',2,2),(341,'Alumno 341',1,3),(342,'Alumno 342',2,2),(343,'Alumno 343',1,3),(344,'Alumno 344',1,1),(345,'Alumno 345',1,3),(346,'Alumno 346',1,4),(347,'Alumno 347',1,4),(348,'Alumno 348',2,2),(349,'Alumno 349',2,2),(350,'Alumno 350',1,2),(351,'Alumno 351',2,1),(352,'Alumno 352',1,2),(353,'Alumno 353',2,2),(354,'Alumno 354',2,4),(355,'Alumno 355',2,1),(356,'Alumno 356',1,2),(357,'Alumno 357',1,4),(358,'Alumno 358',1,1),(359,'Alumno 359',2,3),(360,'Alumno 360',2,4),(361,'Alumno 361',1,4),(362,'Alumno 362',1,2),(363,'Alumno 363',2,1),(364,'Alumno 364',1,2),(365,'Alumno 365',1,4),(366,'Alumno 366',2,4),(367,'Alumno 367',1,3),(368,'Alumno 368',2,1),(369,'Alumno 369',2,2),(370,'Alumno 370',1,1),(371,'Alumno 371',2,4),(372,'Alumno 372',2,4),(373,'Alumno 373',2,2),(374,'Alumno 374',1,1),(375,'Alumno 375',2,3),(376,'Alumno 376',2,3),(377,'Alumno 377',2,4),(378,'Alumno 378',1,1),(379,'Alumno 379',1,1),(380,'Alumno 380',2,4),(381,'Alumno 381',1,2),(382,'Alumno 382',1,2),(383,'Alumno 383',2,3),(384,'Alumno 384',1,3),(385,'Alumno 385',1,1),(386,'Alumno 386',2,2),(387,'Alumno 387',2,2),(388,'Alumno 388',1,4),(389,'Alumno 389',1,1),(390,'Alumno 390',1,3),(391,'Alumno 391',2,3),(392,'Alumno 392',2,4),(393,'Alumno 393',2,3),(394,'Alumno 394',2,4),(395,'Alumno 395',2,4),(396,'Alumno 396',2,3),(397,'Alumno 397',1,4),(398,'Alumno 398',1,1),(399,'Alumno 399',2,2),(400,'Alumno 400',1,4),(401,'Alumno 401',2,2),(402,'Alumno 402',2,1),(403,'Alumno 403',2,3),(404,'Alumno 404',1,1),(405,'Alumno 405',1,2),(406,'Alumno 406',2,3),(407,'Alumno 407',2,1),(408,'Alumno 408',2,3),(409,'Alumno 409',2,3),(410,'Alumno 410',1,2),(411,'Alumno 411',2,1),(412,'Alumno 412',1,2),(413,'Alumno 413',2,2),(414,'Alumno 414',2,3),(415,'Alumno 415',1,4),(416,'Alumno 416',1,1),(417,'Alumno 417',2,4),(418,'Alumno 418',1,1),(419,'Alumno 419',2,2),(420,'Alumno 420',2,3),(421,'Alumno 421',2,4),(422,'Alumno 422',1,1),(423,'Alumno 423',2,1),(424,'Alumno 424',1,3),(425,'Alumno 425',1,3),(426,'Alumno 426',1,3),(427,'Alumno 427',2,3),(428,'Alumno 428',2,3),(429,'Alumno 429',1,3),(430,'Alumno 430',2,1),(431,'Alumno 431',2,1),(432,'Alumno 432',1,4),(433,'Alumno 433',2,1),(434,'Alumno 434',1,4),(435,'Alumno 435',2,3),(436,'Alumno 436',1,1),(437,'Alumno 437',2,2),(438,'Alumno 438',1,1),(439,'Alumno 439',2,2),(440,'Alumno 440',1,1),(441,'Alumno 441',2,4),(442,'Alumno 442',1,4),(443,'Alumno 443',2,1),(444,'Alumno 444',1,1),(445,'Alumno 445',2,1),(446,'Alumno 446',1,3),(447,'Alumno 447',1,2),(448,'Alumno 448',2,3),(449,'Alumno 449',1,3),(450,'Alumno 450',1,3),(451,'Alumno 451',2,1),(452,'Alumno 452',2,1),(453,'Alumno 453',1,4),(454,'Alumno 454',1,3),(455,'Alumno 455',1,2),(456,'Alumno 456',1,1),(457,'Alumno 457',2,1),(458,'Alumno 458',2,1),(459,'Alumno 459',2,2),(460,'Alumno 460',2,2),(461,'Alumno 461',2,4),(462,'Alumno 462',2,1),(463,'Alumno 463',1,2),(464,'Alumno 464',2,2),(465,'Alumno 465',2,4),(466,'Alumno 466',2,4),(467,'Alumno 467',1,4),(468,'Alumno 468',1,4),(469,'Alumno 469',1,2),(470,'Alumno 470',2,3),(471,'Alumno 471',2,3),(472,'Alumno 472',1,2),(473,'Alumno 473',1,3),(474,'Alumno 474',2,2),(475,'Alumno 475',2,3),(476,'Alumno 476',1,2),(477,'Alumno 477',1,1),(478,'Alumno 478',2,3),(479,'Alumno 479',2,3),(480,'Alumno 480',2,4),(481,'Alumno 481',1,1),(482,'Alumno 482',2,1),(483,'Alumno 483',2,2),(484,'Alumno 484',2,3),(485,'Alumno 485',2,4),(486,'Alumno 486',1,4),(487,'Alumno 487',2,1),(488,'Alumno 488',2,4),(489,'Alumno 489',1,3),(490,'Alumno 490',2,3),(491,'Alumno 491',2,3),(492,'Alumno 492',2,4),(493,'Alumno 493',1,4),(494,'Alumno 494',2,3),(495,'Alumno 495',2,4),(496,'Alumno 496',2,4),(497,'Alumno 497',2,2),(498,'Alumno 498',2,3),(499,'Alumno 499',2,2),(500,'Alumno 500',2,1),(501,'Alumno 501',2,4),(502,'Alumno 502',2,4),(503,'Alumno 503',2,1),(504,'Alumno 504',1,3),(505,'Alumno 505',2,2),(506,'Alumno 506',2,2),(507,'Alumno 507',2,3),(508,'Alumno 508',1,2),(509,'Alumno 509',2,1),(510,'Alumno 510',2,3),(511,'Alumno 511',1,4),(512,'Alumno 512',2,3),(513,'Alumno 513',1,2),(514,'Alumno 514',2,1),(515,'Alumno 515',2,1),(516,'Alumno 516',2,2),(517,'Alumno 517',1,4),(518,'Alumno 518',1,3),(519,'Alumno 519',2,1),(520,'Alumno 520',2,3),(521,'Alumno 521',1,3),(522,'Alumno 522',2,4),(523,'Alumno 523',2,3),(524,'Alumno 524',1,1),(525,'Alumno 525',1,4),(526,'Alumno 526',1,1),(527,'Alumno 527',2,1),(528,'Alumno 528',1,4),(529,'Alumno 529',2,2),(530,'Alumno 530',2,4),(531,'Alumno 531',1,2),(532,'Alumno 532',2,2),(533,'Alumno 533',2,3),(534,'Alumno 534',2,4),(535,'Alumno 535',2,1),(536,'Alumno 536',2,3),(537,'Alumno 537',2,4),(538,'Alumno 538',2,2),(539,'Alumno 539',1,2),(540,'Alumno 540',2,4),(541,'Alumno 541',1,1),(542,'Alumno 542',2,3),(543,'Alumno 543',2,1),(544,'Alumno 544',2,4),(545,'Alumno 545',1,1),(546,'Alumno 546',1,3),(547,'Alumno 547',1,3),(548,'Alumno 548',2,1),(549,'Alumno 549',1,1),(550,'Alumno 550',2,4),(551,'Alumno 551',2,1),(552,'Alumno 552',1,3),(553,'Alumno 553',1,3),(554,'Alumno 554',1,2),(555,'Alumno 555',2,3),(556,'Alumno 556',1,4),(557,'Alumno 557',1,2),(558,'Alumno 558',1,4),(559,'Alumno 559',1,2),(560,'Alumno 560',1,3),(561,'Alumno 561',1,3),(562,'Alumno 562',2,2),(563,'Alumno 563',2,2),(564,'Alumno 564',2,2),(565,'Alumno 565',1,3),(566,'Alumno 566',2,3),(567,'Alumno 567',1,2),(568,'Alumno 568',2,2),(569,'Alumno 569',2,4),(570,'Alumno 570',1,1),(571,'Alumno 571',1,4),(572,'Alumno 572',2,2),(573,'Alumno 573',2,2),(574,'Alumno 574',1,3),(575,'Alumno 575',2,1),(576,'Alumno 576',2,4),(577,'Alumno 577',1,1),(578,'Alumno 578',1,2),(579,'Alumno 579',1,2),(580,'Alumno 580',1,4),(581,'Alumno 581',1,4),(582,'Alumno 582',2,4),(583,'Alumno 583',1,2),(584,'Alumno 584',1,3),(585,'Alumno 585',2,3),(586,'Alumno 586',1,4),(587,'Alumno 587',1,3),(588,'Alumno 588',2,2),(589,'Alumno 589',1,2),(590,'Alumno 590',1,3),(591,'Alumno 591',2,1),(592,'Alumno 592',1,1),(593,'Alumno 593',1,3),(594,'Alumno 594',1,2),(595,'Alumno 595',1,1),(596,'Alumno 596',1,3),(597,'Alumno 597',1,3),(598,'Alumno 598',1,3),(599,'Alumno 599',1,3),(600,'Alumno 600',1,1),(601,'Alumno 601',1,2),(602,'Alumno 602',1,3),(603,'Alumno 603',2,2),(604,'Alumno 604',1,1),(605,'Alumno 605',1,2),(606,'Alumno 606',1,4),(607,'Alumno 607',1,1),(608,'Alumno 608',2,4),(609,'Alumno 609',1,3),(610,'Alumno 610',2,3),(611,'Alumno 611',1,1),(612,'Alumno 612',1,4),(613,'Alumno 613',2,4),(614,'Alumno 614',1,4),(615,'Alumno 615',1,1),(616,'Alumno 616',1,4),(617,'Alumno 617',1,1),(618,'Alumno 618',1,3),(619,'Alumno 619',1,2),(620,'Alumno 620',1,1),(621,'Alumno 621',1,2),(622,'Alumno 622',2,3),(623,'Alumno 623',2,4),(624,'Alumno 624',1,2),(625,'Alumno 625',2,3),(626,'Alumno 626',2,3),(627,'Alumno 627',2,2),(628,'Alumno 628',2,1),(629,'Alumno 629',2,4),(630,'Alumno 630',2,1),(631,'Alumno 631',1,2),(632,'Alumno 632',2,3),(633,'Alumno 633',1,2),(634,'Alumno 634',2,3),(635,'Alumno 635',2,2),(636,'Alumno 636',1,3),(637,'Alumno 637',2,3),(638,'Alumno 638',2,1),(639,'Alumno 639',2,3),(640,'Alumno 640',2,3),(641,'Alumno 641',1,2),(642,'Alumno 642',1,1),(643,'Alumno 643',2,2),(644,'Alumno 644',1,2),(645,'Alumno 645',2,2),(646,'Alumno 646',2,1),(647,'Alumno 647',1,3),(648,'Alumno 648',1,2),(649,'Alumno 649',1,3),(650,'Alumno 650',2,1),(651,'Alumno 651',2,4),(652,'Alumno 652',2,3),(653,'Alumno 653',1,1),(654,'Alumno 654',1,2),(655,'Alumno 655',2,4),(656,'Alumno 656',1,4),(657,'Alumno 657',1,1),(658,'Alumno 658',1,2),(659,'Alumno 659',2,4),(660,'Alumno 660',1,1),(661,'Alumno 661',1,4),(662,'Alumno 662',2,2),(663,'Alumno 663',2,2),(664,'Alumno 664',2,1),(665,'Alumno 665',2,2),(666,'Alumno 666',2,3),(667,'Alumno 667',1,1),(668,'Alumno 668',1,2),(669,'Alumno 669',1,2),(670,'Alumno 670',2,2),(671,'Alumno 671',2,1),(672,'Alumno 672',1,4),(673,'Alumno 673',1,1),(674,'Alumno 674',1,4),(675,'Alumno 675',1,2),(676,'Alumno 676',1,1),(677,'Alumno 677',2,1),(678,'Alumno 678',1,4),(679,'Alumno 679',2,2),(680,'Alumno 680',2,1),(681,'Alumno 681',1,4),(682,'Alumno 682',2,4),(683,'Alumno 683',1,3),(684,'Alumno 684',2,2),(685,'Alumno 685',2,2),(686,'Alumno 686',2,3),(687,'Alumno 687',1,2),(688,'Alumno 688',2,3),(689,'Alumno 689',1,2),(690,'Alumno 690',1,1),(691,'Alumno 691',2,2),(692,'Alumno 692',1,3),(693,'Alumno 693',2,1),(694,'Alumno 694',2,4),(695,'Alumno 695',1,3),(696,'Alumno 696',2,4),(697,'Alumno 697',1,2),(698,'Alumno 698',1,4),(699,'Alumno 699',2,4),(700,'Alumno 700',1,2),(701,'Alumno 701',1,1),(702,'Alumno 702',2,4),(703,'Alumno 703',1,4),(704,'Alumno 704',2,2),(705,'Alumno 705',2,1),(706,'Alumno 706',1,3),(707,'Alumno 707',1,1),(708,'Alumno 708',1,3),(709,'Alumno 709',2,1),(710,'Alumno 710',2,3),(711,'Alumno 711',1,2),(712,'Alumno 712',1,3),(713,'Alumno 713',2,2),(714,'Alumno 714',2,4),(715,'Alumno 715',1,4),(716,'Alumno 716',1,1),(717,'Alumno 717',1,1),(718,'Alumno 718',1,3),(719,'Alumno 719',2,3),(720,'Alumno 720',1,3),(721,'Alumno 721',2,1),(722,'Alumno 722',1,1),(723,'Alumno 723',2,3),(724,'Alumno 724',1,1),(725,'Alumno 725',1,2),(726,'Alumno 726',2,1),(727,'Alumno 727',2,2),(728,'Alumno 728',1,3),(729,'Alumno 729',1,2),(730,'Alumno 730',2,3),(731,'Alumno 731',2,4),(732,'Alumno 732',1,4),(733,'Alumno 733',2,4),(734,'Alumno 734',2,2),(735,'Alumno 735',1,2),(736,'Alumno 736',1,1),(737,'Alumno 737',1,2),(738,'Alumno 738',2,3),(739,'Alumno 739',1,3),(740,'Alumno 740',2,4),(741,'Alumno 741',2,3),(742,'Alumno 742',1,3),(743,'Alumno 743',2,2),(744,'Alumno 744',1,4),(745,'Alumno 745',2,1),(746,'Alumno 746',1,4),(747,'Alumno 747',2,4),(748,'Alumno 748',2,1),(749,'Alumno 749',1,3),(750,'Alumno 750',2,1),(751,'Alumno 751',1,1),(752,'Alumno 752',1,2),(753,'Alumno 753',1,2),(754,'Alumno 754',2,1),(755,'Alumno 755',2,4),(756,'Alumno 756',1,1),(757,'Alumno 757',2,4),(758,'Alumno 758',1,4),(759,'Alumno 759',2,4),(760,'Alumno 760',2,2),(761,'Alumno 761',2,2),(762,'Alumno 762',2,4),(763,'Alumno 763',1,3),(764,'Alumno 764',1,4),(765,'Alumno 765',1,3),(766,'Alumno 766',1,3),(767,'Alumno 767',1,1),(768,'Alumno 768',2,2),(769,'Alumno 769',1,3),(770,'Alumno 770',1,3),(771,'Alumno 771',1,2),(772,'Alumno 772',1,4),(773,'Alumno 773',1,4),(774,'Alumno 774',1,3),(775,'Alumno 775',1,3),(776,'Alumno 776',1,3),(777,'Alumno 777',1,3),(778,'Alumno 778',1,3),(779,'Alumno 779',2,2),(780,'Alumno 780',1,2),(781,'Alumno 781',1,2),(782,'Alumno 782',1,4),(783,'Alumno 783',2,1),(784,'Alumno 784',2,4),(785,'Alumno 785',1,4),(786,'Alumno 786',1,1),(787,'Alumno 787',1,1),(788,'Alumno 788',2,3),(789,'Alumno 789',2,2),(790,'Alumno 790',2,1),(791,'Alumno 791',2,3),(792,'Alumno 792',1,4),(793,'Alumno 793',1,2),(794,'Alumno 794',2,1),(795,'Alumno 795',1,1),(796,'Alumno 796',1,2),(797,'Alumno 797',2,1),(798,'Alumno 798',1,4),(799,'Alumno 799',2,4),(800,'Alumno 800',2,4),(801,'Alumno 801',1,1),(802,'Alumno 802',2,4),(803,'Alumno 803',2,3),(804,'Alumno 804',2,4),(805,'Alumno 805',1,4),(806,'Alumno 806',2,3),(807,'Alumno 807',2,4),(808,'Alumno 808',1,1),(809,'Alumno 809',2,2),(810,'Alumno 810',2,1),(811,'Alumno 811',1,2),(812,'Alumno 812',2,2),(813,'Alumno 813',2,4),(814,'Alumno 814',1,1),(815,'Alumno 815',2,3),(816,'Alumno 816',1,3),(817,'Alumno 817',1,3),(818,'Alumno 818',2,2),(819,'Alumno 819',2,2),(820,'Alumno 820',2,2),(821,'Alumno 821',2,3),(822,'Alumno 822',1,1),(823,'Alumno 823',1,2),(824,'Alumno 824',2,1),(825,'Alumno 825',2,4),(826,'Alumno 826',1,3),(827,'Alumno 827',1,3),(828,'Alumno 828',2,4),(829,'Alumno 829',1,2),(830,'Alumno 830',2,2),(831,'Alumno 831',2,4),(832,'Alumno 832',2,2),(833,'Alumno 833',1,3),(834,'Alumno 834',2,4),(835,'Alumno 835',2,2),(836,'Alumno 836',2,2),(837,'Alumno 837',2,3),(838,'Alumno 838',2,4),(839,'Alumno 839',1,4),(840,'Alumno 840',1,3),(841,'Alumno 841',2,2),(842,'Alumno 842',2,1),(843,'Alumno 843',1,3),(844,'Alumno 844',1,2),(845,'Alumno 845',1,3),(846,'Alumno 846',2,3),(847,'Alumno 847',1,4),(848,'Alumno 848',2,2),(849,'Alumno 849',1,2),(850,'Alumno 850',2,3),(851,'Alumno 851',2,1),(852,'Alumno 852',1,2),(853,'Alumno 853',1,3),(854,'Alumno 854',2,1),(855,'Alumno 855',1,2),(856,'Alumno 856',1,4),(857,'Alumno 857',2,2),(858,'Alumno 858',1,3),(859,'Alumno 859',2,4),(860,'Alumno 860',2,2),(861,'Alumno 861',1,4),(862,'Alumno 862',1,3),(863,'Alumno 863',1,4),(864,'Alumno 864',2,1),(865,'Alumno 865',2,2),(866,'Alumno 866',1,3),(867,'Alumno 867',1,4),(868,'Alumno 868',1,2),(869,'Alumno 869',2,4),(870,'Alumno 870',2,1),(871,'Alumno 871',1,3),(872,'Alumno 872',2,2),(873,'Alumno 873',1,2),(874,'Alumno 874',2,2),(875,'Alumno 875',2,1),(876,'Alumno 876',2,2),(877,'Alumno 877',2,3),(878,'Alumno 878',1,1),(879,'Alumno 879',1,2),(880,'Alumno 880',1,4),(881,'Alumno 881',1,2),(882,'Alumno 882',2,4),(883,'Alumno 883',2,2),(884,'Alumno 884',2,1),(885,'Alumno 885',2,3),(886,'Alumno 886',1,4),(887,'Alumno 887',1,3),(888,'Alumno 888',2,2),(889,'Alumno 889',1,1),(890,'Alumno 890',2,1),(891,'Alumno 891',1,3),(892,'Alumno 892',1,3),(893,'Alumno 893',2,4),(894,'Alumno 894',1,1),(895,'Alumno 895',2,1),(896,'Alumno 896',2,2),(897,'Alumno 897',1,4),(898,'Alumno 898',1,1),(899,'Alumno 899',2,3),(900,'Alumno 900',2,2),(901,'Alumno 901',2,1),(902,'Alumno 902',1,2),(903,'Alumno 903',1,3),(904,'Alumno 904',1,3),(905,'Alumno 905',1,3),(906,'Alumno 906',1,4),(907,'Alumno 907',1,2),(908,'Alumno 908',2,1),(909,'Alumno 909',1,3),(910,'Alumno 910',1,4),(911,'Alumno 911',1,2),(912,'Alumno 912',1,4),(913,'Alumno 913',1,2),(914,'Alumno 914',1,4),(915,'Alumno 915',2,3),(916,'Alumno 916',1,3),(917,'Alumno 917',1,1),(918,'Alumno 918',2,4),(919,'Alumno 919',1,4),(920,'Alumno 920',2,1),(921,'Alumno 921',2,1),(922,'Alumno 922',2,4),(923,'Alumno 923',2,4),(924,'Alumno 924',2,3),(925,'Alumno 925',1,2),(926,'Alumno 926',2,1),(927,'Alumno 927',1,4),(928,'Alumno 928',2,1),(929,'Alumno 929',1,1),(930,'Alumno 930',2,1),(931,'Alumno 931',1,3),(932,'Alumno 932',1,4),(933,'Alumno 933',2,2),(934,'Alumno 934',1,3),(935,'Alumno 935',1,4),(936,'Alumno 936',2,4),(937,'Alumno 937',1,1),(938,'Alumno 938',1,2),(939,'Alumno 939',1,4),(940,'Alumno 940',2,1),(941,'Alumno 941',1,1),(942,'Alumno 942',2,4),(943,'Alumno 943',2,1),(944,'Alumno 944',2,3),(945,'Alumno 945',2,2),(946,'Alumno 946',2,1),(947,'Alumno 947',1,3),(948,'Alumno 948',1,1),(949,'Alumno 949',1,4),(950,'Alumno 950',1,2),(951,'Alumno 951',1,1),(952,'Alumno 952',1,3),(953,'Alumno 953',1,1),(954,'Alumno 954',2,2),(955,'Alumno 955',2,2),(956,'Alumno 956',2,4),(957,'Alumno 957',2,3),(958,'Alumno 958',2,4),(959,'Alumno 959',2,3),(960,'Alumno 960',2,2),(961,'Alumno 961',1,4),(962,'Alumno 962',1,1),(963,'Alumno 963',2,4),(964,'Alumno 964',1,2),(965,'Alumno 965',1,2),(966,'Alumno 966',1,4),(967,'Alumno 967',2,2),(968,'Alumno 968',2,2),(969,'Alumno 969',2,3),(970,'Alumno 970',2,2),(971,'Alumno 971',1,2),(972,'Alumno 972',1,2),(973,'Alumno 973',1,1),(974,'Alumno 974',1,2),(975,'Alumno 975',2,4),(976,'Alumno 976',1,3),(977,'Alumno 977',1,2),(978,'Alumno 978',2,2),(979,'Alumno 979',1,4),(980,'Alumno 980',2,4),(981,'Alumno 981',2,1),(982,'Alumno 982',2,3),(983,'Alumno 983',1,2),(984,'Alumno 984',1,2),(985,'Alumno 985',2,1),(986,'Alumno 986',1,2),(987,'Alumno 987',1,3),(988,'Alumno 988',2,1),(989,'Alumno 989',2,2),(990,'Alumno 990',2,2),(991,'Alumno 991',1,4),(992,'Alumno 992',2,2),(993,'Alumno 993',1,2),(994,'Alumno 994',2,1),(995,'Alumno 995',1,1),(996,'Alumno 996',1,1),(997,'Alumno 997',2,4),(998,'Alumno 998',1,2),(999,'Alumno 999',2,1),(1000,'Alumno 1000',2,1),(1001,'Alumno 1001',1,4),(1002,'Alumno 1002',1,2),(1003,'Alumno 1003',1,3),(1004,'Alumno 1004',1,3),(1005,'Alumno 1005',2,3),(1006,'Alumno 1006',2,2),(1007,'Alumno 1007',2,4),(1008,'Alumno 1008',2,4),(1009,'Alumno 1009',2,4),(1010,'Alumno 1010',2,2),(1011,'Alumno 1011',2,3),(1012,'Alumno 1012',1,2),(1013,'Alumno 1013',1,4),(1014,'Alumno 1014',1,4),(1015,'Alumno 1015',2,1),(1016,'Alumno 1016',1,3),(1017,'Alumno 1017',2,4),(1018,'Alumno 1018',1,2),(1019,'Alumno 1019',2,3),(1020,'Alumno 1020',1,2),(1021,'Alumno 1021',2,4),(1022,'Alumno 1022',1,3),(1023,'Alumno 1023',1,3),(1024,'Alumno 1024',1,3),(1025,'Alumno 1025',2,3),(1026,'Alumno 1026',1,2),(1027,'Alumno 1027',2,4),(1028,'Alumno 1028',2,3),(1029,'Alumno 1029',1,2),(1030,'Alumno 1030',1,1),(1031,'Alumno 1031',1,3),(1032,'Alumno 1032',2,4),(1033,'Alumno 1033',1,2),(1034,'Alumno 1034',1,4),(1035,'Alumno 1035',2,3),(1036,'Alumno 1036',1,2),(1037,'Alumno 1037',2,3),(1038,'Alumno 1038',2,4),(1039,'Alumno 1039',2,3),(1040,'Alumno 1040',1,3),(1041,'Alumno 1041',1,3),(1042,'Alumno 1042',1,3),(1043,'Alumno 1043',2,1),(1044,'Alumno 1044',1,2),(1045,'Alumno 1045',2,1),(1046,'Alumno 1046',2,4),(1047,'Alumno 1047',1,4),(1048,'Alumno 1048',2,1),(1049,'Alumno 1049',1,2),(1050,'Alumno 1050',2,4);
/*!40000 ALTER TABLE `tbl estudiantes` ENABLE KEYS */;
UNLOCK TABLES;

--
-- Final view structure for view `lista_alumnos`
--

/*!50001 DROP VIEW IF EXISTS `lista_alumnos`*/;
/*!50001 SET @saved_cs_client          = @@character_set_client */;
/*!50001 SET @saved_cs_results         = @@character_set_results */;
/*!50001 SET @saved_col_connection     = @@collation_connection */;
/*!50001 SET character_set_client      = utf8mb4 */;
/*!50001 SET character_set_results     = utf8mb4 */;
/*!50001 SET collation_connection      = utf8mb4_0900_ai_ci */;
/*!50001 CREATE ALGORITHM=UNDEFINED */
/*!50013 DEFINER=`root`@`localhost` SQL SECURITY DEFINER */
/*!50001 VIEW `lista_alumnos` AS select `tbl estudiantes`.`Nombre_Estudiante` AS `Nombre_Estudiante`,`tbl estudiantes`.`cod_genero` AS `cod_genero`,`tbl estudiantes`.`cod_ciudad` AS `cod_ciudad` from (`tbl estudiantes` join `ciudades` on((`ciudades`.`cod_ciu` = `tbl estudiantes`.`cod_ciudad`))) */;
/*!50001 SET character_set_client      = @saved_cs_client */;
/*!50001 SET character_set_results     = @saved_cs_results */;
/*!50001 SET collation_connection      = @saved_col_connection */;

--
-- Final view structure for view `listado_materias`
--

/*!50001 DROP VIEW IF EXISTS `listado_materias`*/;
/*!50001 SET @saved_cs_client          = @@character_set_client */;
/*!50001 SET @saved_cs_results         = @@character_set_results */;
/*!50001 SET @saved_col_connection     = @@collation_connection */;
/*!50001 SET character_set_client      = utf8mb4 */;
/*!50001 SET character_set_results     = utf8mb4 */;
/*!50001 SET collation_connection      = utf8mb4_0900_ai_ci */;
/*!50001 CREATE ALGORITHM=UNDEFINED */
/*!50013 DEFINER=`root`@`localhost` SQL SECURITY DEFINER */
/*!50001 VIEW `listado_materias` AS select `materias`.`Descripcion` AS `Descripcion`,`materias`.`cod_mat` AS `cod_mat` from `materias` */;
/*!50001 SET character_set_client      = @saved_cs_client */;
/*!50001 SET character_set_results     = @saved_cs_results */;
/*!50001 SET collation_connection      = @saved_col_connection */;

--
-- Final view structure for view `notas_altas`
--

/*!50001 DROP VIEW IF EXISTS `notas_altas`*/;
/*!50001 SET @saved_cs_client          = @@character_set_client */;
/*!50001 SET @saved_cs_results         = @@character_set_results */;
/*!50001 SET @saved_col_connection     = @@collation_connection */;
/*!50001 SET character_set_client      = utf8mb4 */;
/*!50001 SET character_set_results     = utf8mb4 */;
/*!50001 SET collation_connection      = utf8mb4_0900_ai_ci */;
/*!50001 CREATE ALGORITHM=UNDEFINED */
/*!50013 DEFINER=`root`@`localhost` SQL SECURITY DEFINER */
/*!50001 VIEW `notas_altas` AS select `notas`.`Nota1` AS `Nota1` from `notas` where (`notas`.`Nota1` > 3.0) */;
/*!50001 SET character_set_client      = @saved_cs_client */;
/*!50001 SET character_set_results     = @saved_cs_results */;
/*!50001 SET collation_connection      = @saved_col_connection */;

--
-- Final view structure for view `notas_bajas`
--

/*!50001 DROP VIEW IF EXISTS `notas_bajas`*/;
/*!50001 SET @saved_cs_client          = @@character_set_client */;
/*!50001 SET @saved_cs_results         = @@character_set_results */;
/*!50001 SET @saved_col_connection     = @@collation_connection */;
/*!50001 SET character_set_client      = utf8mb4 */;
/*!50001 SET character_set_results     = utf8mb4 */;
/*!50001 SET collation_connection      = utf8mb4_0900_ai_ci */;
/*!50001 CREATE ALGORITHM=UNDEFINED */
/*!50013 DEFINER=`root`@`localhost` SQL SECURITY DEFINER */
/*!50001 VIEW `notas_bajas` AS select `notas`.`Nota1` AS `Nota1` from `notas` where (`notas`.`Nota1` < 3.0) */;
/*!50001 SET character_set_client      = @saved_cs_client */;
/*!50001 SET character_set_results     = @saved_cs_results */;
/*!50001 SET collation_connection      = @saved_col_connection */;
/*!40103 SET TIME_ZONE=@OLD_TIME_ZONE */;

/*!40101 SET SQL_MODE=@OLD_SQL_MODE */;
/*!40014 SET FOREIGN_KEY_CHECKS=@OLD_FOREIGN_KEY_CHECKS */;
/*!40014 SET UNIQUE_CHECKS=@OLD_UNIQUE_CHECKS */;
/*!40101 SET CHARACTER_SET_CLIENT=@OLD_CHARACTER_SET_CLIENT */;
/*!40101 SET CHARACTER_SET_RESULTS=@OLD_CHARACTER_SET_RESULTS */;
/*!40101 SET COLLATION_CONNECTION=@OLD_COLLATION_CONNECTION */;
/*!40111 SET SQL_NOTES=@OLD_SQL_NOTES */;

-- Dump completed on 2023-03-06 18:13:01
